Entry,epitope_seqs
tr_A0A0F6N8V0_A0A0F6N8V0_MONPV,TRLS
tr_A0A0F6N8V0_A0A0F6N8V0_MONPV,TDREHINVDSIKQLCKISDPNACYRCGC
tr_A0A0F6N8V0_A0A0F6N8V0_MONPV,QYYSSSDYE
tr_A0A0F6N8V0_A0A0F6N8V0_MONPV,TGMNSESDNISIK
tr_A0A0F6N8V0_A0A0F6N8V0_MONPV,TQDQSTQLVD
tr_A0A0F6N8V0_A0A0F6N8V0_MONPV,YGRES
tr_A0A0F6N8V0_A0A0F6N8V0_MONPV,WQEHNDGVYSI
tr_A0A0F6N8V0_A0A0F6N8V0_MONPV,VDDAEHISQITNDVSTQTWEK
tr_A0A0F6N8V0_A0A0F6N8V0_MONPV,DKVRKNDLDMNVVKELLSNGASLTIKDSSNK
tr_A0A0F6N8V0_A0A0F6N8V0_MONPV,MNLEMIDII
tr_A0A0F6N8V0_A0A0F6N8V0_MONPV,KHCLNNYCNISDG
tr_A0A0F6N8V0_A0A0F6N8V0_MONPV,ILASNKKII
tr_A0A0F6N8V0_A0A0F6N8V0_MONPV,KLLVYNGNDINARGEDTQMRTP
tr_A0A0F6N8V0_A0A0F6N8V0_MONPV,DLTIPNDD
tr_A0A0F6N8V0_A0A0F6N8V0_MONPV,CIHSNAEYGYN
tr_A0A0F6N8V0_A0A0F6N8V0_MONPV,LNLSRHASHN
tr_A0A0F6N8V0_A0A0F6N8V0_MONPV,DYISNTYID
tr_A0A0F6N8V0_A0A0F6N8V0_MONPV,RGADISLKTDDGKTVFDLS
tr_A0A0F6N8V0_A0A0F6N8V0_MONPV,CSLTNHIIDY
tr_A0A0F6N8V0_A0A0F6N8V0_MONPV,RIIWQSQMIN
tr_A0A0F6N8V0_A0A0F6N8V0_MONPV,LDQYNNRYNMFEHDRDV
tr_A0A0F6N8V0_A0A0F6N8V0_MONPV,VQVLKSTSITNNITLYDTIINNKS
tr_A0A0F6N8V0_A0A0F6N8V0_MONPV,LIKSNTYHN
tr_A0A0F6N8V0_A0A0F6N8V0_MONPV,NTLEKYTLTNIVLEYMISSRSQSSYLSR
tr_A0A0F6N8V0_A0A0F6N8V0_MONPV,EYHIENTRSVS
tr_A0A0F6N917_A0A0F6N917_MONPV,KLSLAIYLTVTCSWCYETCMRKTALYHDIQLEHVEDNKDSV
tr_A0A0F6N917_A0A0F6N917_MONPV,SRLLATFNWTDI
tr_A0A0F6N917_A0A0F6N917_MONPV,EG
tr_A0A0F6N917_A0A0F6N917_MONPV,RNEFI
tr_A0A0F6N917_A0A0F6N917_MONPV,LYNYTIAVSIIIDSTEE
tr_A0A0F6N917_A0A0F6N917_MONPV,TYEPSIYNYTIDYSTVITTEELQVTPT
tr_A0A0F6N917_A0A0F6N917_MONPV,SAVPYDQRSNNNVSTISIQVLSKILGVNETELTNYLIMHKNDTVDNNTMVDDETSDNNTLHGN
tr_A0A0F6N917_A0A0F6N917_MONPV,INNCYNVSVSDASFRITLVNDTSEEILLMLTGTSSSDTFISSTNITECLKTLINNVSINDVLITQNMNVTSNCDKCSMNLMASVIPAVNEFNNTLMKIGVKDDENNTVYKYYNCKLTTNSTCDELINLDEVINNITLTNIIHNSVSTTNSRKRRDLNDEFEFSTSKELDCLYESYGVNDDISH
tr_A0A0F6N917_A0A0F6N917_MONPV,SDDKKEYMD
tr_A0A0F6N917_A0A0F6N917_MONPV,DHAKKDLGI
tr_A0A0F6N917_A0A0F6N917_MONPV,PRGTTHFQVGASGASGGVVGDSFPFQNVKSRASLLAE
tr_A0A0F6N917_A0A0F6N917_MONPV,ATEADLYATVNRQPK
tr_A0A0F6N917_A0A0F6N917_MONPV,AGVKSTPFTEALVSTINQKLSNVREVTYASLNLPGSSGYVHRPSDSVIYSSIRRSRLPSDSDSDYE
tr_A0A0F6N917_A0A0F6N917_MONPV,KEYNERYGRSVSRTQSSSSESDF
tr_A0A0F6N917_A0A0F6N917_MONPV,KYGNAMAKGRSSSPK
tr_A0A0F6N917_A0A0F6N917_MONPV,STVKKTTKSLSTGVDIVTKQSDYSLLPDVNTGSSIVSP
tr_A0A0F6N917_A0A0F6N917_MONPV,RRPTNDGLQS
tr_A0A0F6N917_A0A0F6N917_MONPV,KG
tr_A0A0F6N917_A0A0F6N917_MONPV,SK
tr_A0A0F6N917_A0A0F6N917_MONPV,VSPRRCRRASSGVICGMIQSKPNDDTYSLL
tr_A0A0F6N917_A0A0F6N917_MONPV,NGIP
tr_A0A0F6N917_A0A0F6N917_MONPV,PVIGNKHSKKYTSTMSKISTKFDKSTAFGAAMLLTGQQAISQQTRSTTLSRKDQMSKEEKIFEAVTMSLSTIGSTLTSAGMTGGPKLMIAGMAITAITGII
tr_A0A0F6N917_A0A0F6N917_MONPV,KDIYYMFSGQER
tr_A0A0F6N917_A0A0F6N917_MONPV,FNKYTGLMSDNNKMGVRKCLTPGDDTLIYIAYRNDTSFKQNTDAMAL
tr_A0A0F6N917_A0A0F6N917_MONPV,EILYLNTSNLVLEYQ
tr_A0A0F6N917_A0A0F6N917_MONPV,GTLRSVDVDITAYTIL
tr_A0A0F6N917_A0A0F6N917_MONPV,LLSKHP
tr_A0A0F6N917_A0A0F6N917_MONPV,ISDMQLLKMATPGEPESTKSIPS
tr_A0A0F6N917_A0A0F6N917_MONPV,PYDTSQTFIVHTTCSIL
tr_A0A0F6N917_A0A0F6N917_MONPV,II
tr_A0A0F6N917_A0A0F6N917_MONPV,GVVGHASFCTNRSSNQCFWSEPMILEDVSSCSSRTRK
tr_A0A0F6N917_A0A0F6N917_MONPV,AEGFNSFVLN
tr_A0A0F6N917_A0A0F6N917_MONPV,GSTPTYIKHKNADSNNV
tr_A0A0F6N917_A0A0F6N917_MONPV,TAKLYSATKPSR
tr_A0A0F6N917_A0A0F6N917_MONPV,VFCTHNYDKRFKSDIIVLMFNKNSGIPFWSMYTGSVTSKNRMFATLA
tr_A0A0F6N917_A0A0F6N917_MONPV,PFRSTYCDNRRRS
tr_A0A0F6N917_A0A0F6N917_MONPV,TYDI
tr_A0A0F6N917_A0A0F6N917_MONPV,ITKSKTHFP
tr_A0A0F6N917_A0A0F6N917_MONPV,VKFMVDNLGNGYDNPNSFW
tr_A0A0F6N917_A0A0F6N917_MONPV,KTKKRTYSAMTIKVLPCTVRNKNIDF
tr_A0A0F6N917_A0A0F6N917_MONPV,DIISNMVYLQSTSQDYGDGTKYTFKSVTRSDHECESSLDLTSKEVTVTCPAFSIPRNISTYEGLCFSVTTSKDHCATGIGWLKSSGYGKEDA
tr_A0A0F6N917_A0A0F6N917_MONPV,FHHWNY
tr_A0A0F6N917_A0A0F6N917_MONPV,SNVL
tr_A0A0F6N917_A0A0F6N917_MONPV,DNSNEYVDKEISNKLNDL
tr_A0A0F6N917_A0A0F6N917_MONPV,NEYKKIMEYSDGSLPASINRLAKALTSEGREIASVNIDGN
tr_A0A0F6N917_A0A0F6N917_MONPV,IAYQADKEKMADIQTR
tr_A0A0F6N917_A0A0F6N917_MONPV,HTLSDKDIKDIIESEEGKRCCIID
tr_A0A0F6N917_A0A0F6N917_MONPV,NLVKKYYSIDNYLC
tr_A0A0F6N917_A0A0F6N917_MONPV,YTSVEYNKSYVLVNDTYMSYDYLESSGVVVLSCYEMTIISLDTKDAKDAIEDVIVASAVAEALNDMFKEFDKNVSAIIIKEEDNYLNS
tr_A0A0F6N917_A0A0F6N917_MONPV,MKYDNMSIKSEHHDSLETVSMEII
sp_A0A7H0DMZ7_PG021_MONPV,PVKINTSSIDHVTILQYIDEPNDI
sp_A0A7H0DMZ7_PG021_MONPV,CIIRNVNNITYYINITKINPH
sp_A0A7H0DMZ7_PG021_MONPV,AGRDYMTNLSRDTGIQQSKLTETIRNCQKNKNIYGLYIHYNLVINVVIDWITDVIVQSILRGLVNWYIANNTYTPNTPNNTTTISELD
sp_A0A7H0DMZ7_PG021_MONPV,DMYRVSKEKECGICY
sp_A0A7H0DMZ7_PG021_MONPV,VVYSKRLEND
sp_A0A7H0DMZ7_PG021_MONPV,LDSCNHIFCITCINIWHRTRRETGASDNCPI
sp_A0A7H0DMZ7_PG021_MONPV,RFKKITMSKFYK
sp_A0A7H0DMZ8_IL18B_MONPV,LIAFMYGCVHSYVNAVETKCPNLAIVTSSGEFHCSGCVERMPGFSYMYWLANDMKSDEDTKFIEHLGGGIKEDETVRTTDGGITTLRKVLHVTDTNKFAHY
sp_A0A7H0DMZ8_IL18B_MONPV,TLDGVSKKNI
sp_A0A7H0DN00_PG024_MONPV,GGSSGGMWSVFIHGHDGSNKGSKTYTSSGSGMWGGGSSSGVKSGVNGGVNGGVKSGT
sp_A0A7H0DN01_PG025_MONPV,KILYDSCKTFNIDASSAQSLIESGANPLYEY
sp_A0A7H0DN01_PG025_MONPV,YVTKKNNNIKNDVVILLLSSVDYKNIN
sp_A0A7H0DN01_PG025_MONPV,LCSDNIDI
sp_A0A7H0DN01_PG025_MONPV,ISKGIEINSIKNGINIVEKYATTSNPNIDV
sp_A0A7H0DN01_PG025_MONPV,PTCSNIQYG
sp_A0A7H0DN01_PG025_MONPV,TDYDNRMG
sp_A0A7H0DN01_PG025_MONPV,ITRSQDGYVTSLD
sp_A0A7H0DN01_PG025_MONPV,YLISHENEMCHY
sp_A0A7H0DN01_PG025_MONPV,FDSNYSGNELMH
sp_A0A7H0DN01_PG025_MONPV,NHKID
sp_A0A7H0DN01_PG025_MONPV,SAH
sp_A0A7H0DN01_PG025_MONPV,NSLRNNVIISSILKRYTDSIQDLLSEYVSYHTVYI
sp_A0A7H0DN01_PG025_MONPV,LKNGNVVVNDDNIIN
sp_A0A7H0DN01_PG025_MONPV,FIHESEVLSI
sp_A0A7H0DN01_PG025_MONPV,KI
sp_A0A7H0DN01_PG025_MONPV,YYCIESHSVALIEWLIDNGADINITTTYGSTCIGICVIMAHA
sp_A0A7H0DN01_PG025_MONPV,KKTVDYLSNDRHLLIGNKAKSL
sp_A0A7H0DN01_PG025_MONPV,YITDCEKEIADMCQIKINGTDMLTV
sp_A0A7H0DN01_PG025_MONPV,ANKQ
sp_A0A7H0DN01_PG025_MONPV,IYNANRLIEQSKKIDNMIDEVSADNNRLSTLPLELRHLIFS
sp_A0A7H0DN02_PG027_MONPV,HEFDIIINGDIALRNLQLHRGDNYGCK
sp_A0A7H0DN02_PG027_MONPV,TVFANNYAVK
sp_A0A7H0DN02_PG027_MONPV,LYNKKTEILIYSDDE
sp_A0A7H0DN02_PG027_MONPV,ISKKYKVKEENYS
sp_A0A7H0DN02_PG027_MONPV,DY
sp_A0A7H0DN03_PG029_MONPV,NKADSFSLESDSIKDVIHDYICWLSMTDETRPSIGNVFTAMET
sp_A0A7H0DN03_PG029_MONPV,YDLAKDINTMSFDSFIRSLQNITSKKDKLTVYGTMGLLSIVVDINKGRDVSNIK
sp_A0A7H0DN03_PG029_MONPV,DD
sp_A0A7H0DN05_PG031_MONPV,KIFNHGE
sp_A0A7H0DN05_PG031_MONPV,NE
sp_A0A7H0DN05_PG031_MONPV,VNL
sp_A0A7H0DN05_PG031_MONPV,KVVKWNTINSNVTVSSTDTID
sp_A0A7H0DN05_PG031_MONPV,VRNIEVSSDI
sp_A0A7H0DN05_PG031_MONPV,RFNDTTITDDN
sp_A0A7H0DN05_PG031_MONPV,TKSLKT
sp_A0A7H0DN05_PG031_MONPV,LETVISSSDDIMFSKS
sp_A0A7H0DN05_PG031_MONPV,REYKLVMCSISLI
sp_A0A7H0DN05_PG031_MONPV,QYDNNKYIDISDSQEGNNLCYCVITMDPHHLIDLETMCVLVDKSGKC
sp_A0A7H0DN05_PG031_MONPV,NHIYNSFVD
sp_A0A7H0DN05_PG031_MONPV,PNTKELFTLCNDDGRNIAWDNDKLESGNNTWIPKTDDEYMFLSKLMNIAKFNNT
sp_A0A7H0DN05_PG031_MONPV,TDPCTV
sp_A0A7H0DN05_PG031_MONPV,KVTKYYIN
tr_A0A7H0DN06_A0A7H0DN06_MONPV,KINITINNVEMILVAA
tr_A0A7H0DN06_A0A7H0DN06_MONPV,IID
tr_A0A7H0DN06_A0A7H0DN06_MONPV,DLCVKTMIHNINSTNCIRMFNFSKRYGIKKLYNTSMSEIINNITAVTSDPGTYFQNVYTNKHKKYTMVYVRS
tr_A0A7H0DN06_A0A7H0DN06_MONPV,MESLILLEMN
sp_A0A7H0DN07_PG034_MONPV,TDTNNILMRHLKNLTDDEFKCIIHRSSDFLYLSDRDYTSITKETLVSEIVEEYPDDC
sp_A0A7H0DN07_PG034_MONPV,VLDKDIDVDIE
sp_A0A7H0DN07_PG034_MONPV,LDKMTADIK
sp_A0A7H0DN07_PG034_MONPV,IRAINNYSKELGL
sp_A0A7H0DN07_PG034_MONPV,YFNKYGH
sp_A0A7H0DN07_PG034_MONPV,FCRNSIGF
sp_A0A7H0DN07_PG034_MONPV,KE
sp_A0A7H0DN09_PG036_MONPV,AMDNNESKVLEM
sp_A0A7H0DN09_PG036_MONPV,YDATILPDCSGMDP
sp_A0A7H0DN09_PG036_MONPV,DCINRHINMRIQRSYSSNIIAI
sp_A0A7H0DN09_PG036_MONPV,RFLMMNKDELNNTQCHIIKEFMTYEQMAI
sp_A0A7H0DN09_PG036_MONPV,NQHHT
sp_A0A7H0DN09_PG036_MONPV,VETKY
sp_A0A7H0DN13_PG040_MONPV,ILSLACSVSAY
sp_A0A7H0DN13_PG040_MONPV,YKNIQNGDEDDN
sp_A0A7H0DN13_PG040_MONPV,FSMFMSLLSASGNTRVELLNTMNL
sp_A0A7H0DN13_PG040_MONPV,ELISGLAKMKTSKYTYTDLTYQSFVDS
sp_A0A7H0DN13_PG040_MONPV,KINSIVERRSGMSNVVDSTMLDDNT
sp_A0A7H0DN13_PG040_MONPV,KTHNASFTNKYGTKTVPMMNVVTKLQGNTITIDDE
sp_A0A7H0DN13_PG040_MONPV,ANISMYLAIGDNMTHFTDS
sp_A0A7H0DN13_PG040_MONPV,EYWSSQLGNK
sp_A0A7H0DN13_PG040_MONPV,IKSIAEMMAPSM
sp_A0A7H0DN13_PG040_MONPV,NPDKASFKH
sp_A0A7H0DN13_PG040_MONPV,DVDEQGTVAEASTIMVATARSSPEE
sp_A0A7H0DN13_PG040_MONPV,MGK
sp_A0A7H0DN14_PG041_MONPV,SLPNAG
sp_A0A7H0DN14_PG041_MONPV,EAI
sp_A0A7H0DN15_PG042_MONPV,NTIAVITETIPIGMQFD
sp_A0A7H0DN15_PG042_MONPV,LTTFNMWREILSNTIKTLDISSFYWSLSDEVGTNFGTV
sp_A0A7H0DN15_PG042_MONPV,AVNKSNKPLKDVERLQMAGVEV
sp_A0A7H0DN15_PG042_MONPV,IDI
sp_A0A7H0DN15_PG042_MONPV,GG
sp_A0A7H0DN15_PG042_MONPV,LHTKFWISDNTHIYLGSANMDWRSLTQVKELGIAIFNNRNLAADLT
sp_A0A7H0DN15_PG042_MONPV,PYN
sp_A0A7H0DN15_PG042_MONPV,PSYYNTDHPLSINVSGVPHSVFIASAPQQLCTMERTNDLTALLSCIGNASKFVYVS
sp_A0A7H0DN15_PG042_MONPV,AIDRQVSVKLLISCWQRSSFIM
sp_A0A7H0DN15_PG042_MONPV,LRSIAMLKSKNIDI
sp_A0A7H0DN15_PG042_MONPV,VNHAKYMVTDKTAYIGTSNWTGNYFTDICGASINITPD
sp_A0A7H0DN15_PG042_MONPV,DWNSKYSYELYDTSP
sp_A0A7H0DN15_PG042_MONPV,KNMKQCTNDIYCD
sp_A0A7H0DN15_PG042_MONPV,PEKELPEY
sp_A0A7H0DN19_DUT_MONPV,MFNMNINS
sp_A0A7H0DN19_DUT_MONPV,TNRAKSPTRQSPGAAGYDLYSA
sp_A0A7H0DN19_DUT_MONPV,IKTDISMSMPK
sp_A0A7H0DN19_DUT_MONPV,RSGLSLKGIDIGGGVIDEDYRGSIGVILINNGKCTFNVNTG
sp_A0A7H0DN19_DUT_MONPV,VQSLDSTDRGDQGFGST
sp_A0A7H0DN21_RIR2_MONPV,NMYKKAEASFWTVEEVDISKDINDW
sp_A0A7H0DN21_RIR2_MONPV,AASDGIVNENLAERFCTEVQITE
sp_A0A7H0DN21_RIR2_MONPV,MAIENIHSEMYSL
sp_A0A7H0DN21_RIR2_MONPV,YVKDSNEKNY
sp_A0A7H0DN21_RIR2_MONPV,CVKKKADWAQKWIHDSAGYG
sp_A0A7H0DN21_RIR2_MONPV,FFSG
sp_A0A7H0DN21_RIR2_MONPV,LTFSNELISRDEGLH
sp_A0A7H0DN21_RIR2_MONPV,ITNAVSIEQEF
sp_A0A7H0DN21_RIR2_MONPV,LIGMNCEMMKTYIEFV
sp_A0A7H0DN21_RIR2_MONPV,YNVTNPFDFMENISLEG
sp_A0A7H0DN21_RIR2_MONPV,KMGVMSQEDNHFSLD
sp_A0A7H0DN23_PG050_MONPV,LTFVKNKIIDLINNDHQIKYSRVMMIEESDSLL
sp_A0A7H0DN23_PG050_MONPV,VHVNHGFDCVEMIDENISNENIEQYKTESF
sp_A0A7H0DN24_PG051_MONPV,CDAKNKKEDVEDGREGCCDYKNLNDLDESEA
sp_A0A7H0DN24_PG051_MONPV,INEEKSDI
sp_A0A7H0DN24_PG051_MONPV,RHTIE
sp_A0A7H0DN26_PG053_MONPV,KEFKTLYNLFIDSYLQKLAQHSIPTNVTCAIHIGEVIGQFKNCALRITNKCMSNSRLSFTLMVESFIEVISLLPEKDRRAIAEEIGIDLDDVPSVVSKLEKNCNAYAEVNNIIDIQKLNIGECSAPPGQHMLLQIVNTGSAEANCGLQTIVKSLNKI
sp_A0A7H0DN26_PG053_MONPV,ENRLPYY
sp_A0A7H0DN26_PG053_MONPV,LVIFTVAICSIR
sp_A0A7H0DN26_PG053_MONPV,NLALKYRYGT
sp_A0A7H0DN28_PG055_MONPV,LKRVSRKSSSILARRPTPKKMNIVTDSENRLKKNSYIENTNQGNILMDSIFVSTMPVETLFGSYITDDNDDYE
sp_A0A7H0DN28_PG055_MONPV,LNVTYNI
sp_A0A7H0DN28_PG055_MONPV,IKLDSVLDRDGN
sp_A0A7H0DN28_PG055_MONPV,LVKLKHSDGFTKGALYLGHSAGFTATICLKNEGVSGLYIPGTSVVRSNICQGDTIVSRSSRGVQFLPQIGGEAIFLIVSLCPTKKLVET
sp_A0A7H0DN28_PG055_MONPV,IPEISSNDNAKIAARILSEKRKDIIAHINTLIQYRQQLELAYYNSCMLTEFLHYCNSYADTIKESLLKETIQKDINIIHTNITTLLNETAKVIKLVKSLVDKEDTDIVNNFITKEIKNCGGVKNRDKIVNSLSLSNLD
sp_A0A7H0DN31_PG058_MONPV,LYSEGLSISNDLNSIIGQQSTMDTDIEIDEDDIMELLNILTELGCDVDFDENFSDIADDILESLI
sp_A0A7H0DN32_PG059_MONPV,VIFVSVAATIVGVLSNVLDMIMYVEENNEEDAKIKEEQELL
sp_A0A7H0DN33_PG060_MONPV,AGLDKLKMEIFNVEELINMKPFKNMNKITINQKDNCILA
sp_A0A7H0DN33_PG060_MONPV,IPSTSISSSNIIRIRNHDFTLSE
sp_A0A7H0DN33_PG060_MONPV,IDKVSKQQKECKYCISNRGDDDSLSIN
sp_A0A7H0DN33_PG060_MONPV,PTINKSIY
sp_A0A7H0DN33_PG060_MONPV,FWKPK
sp_A0A7H0DN34_PG061_MONPV,IVTSVASLLDASIQFQKTACRHHCNYLSMQVVKEIEEFGTINEKKLEFDTWKDVIQNDEID
sp_A0A7H0DN34_PG061_MONPV,RVKQISISTGVLYESMMRNRTKPISMYFVRDC
sp_A0A7H0DN34_PG061_MONPV,AFDGNPPSFRMTSCNINAYNRNKIKDLIILMNMKTCNKKII
sp_A0A7H0DN34_PG061_MONPV,IDNFGSVDALLSIINSNVTWVTSVINNSNGRGINIRVSNNKMLTIT
sp_A0A7H0DN34_PG061_MONPV,MYKTTKCASQLDNLCTKMNKMGIL
sp_A0A7H0DN37_PG064_MONPV,RAFLDNECHTITK
sp_A0A7H0DN37_PG064_MONPV,GYLHED
sp_A0A7H0DN37_PG064_MONPV,YNNV
sp_A0A7H0DN37_PG064_MONPV,VSPLDLISTITKLKNVDKFAAHINYHKNSILITGDKSLIVKCMPYMIISDD
sp_A0A7H0DN37_PG064_MONPV,VGTNSIEYILSFINKESVYRMSYQFSENEIVTIINRD
sp_A0A7H0DN37_PG064_MONPV,VLDS
sp_A0A7H0DN37_PG064_MONPV,LKTMLD
sp_A0A7H0DN37_PG064_MONPV,IVPINSGIID
sp_A0A7H0DN37_PG064_MONPV,EI
sp_A0A7H0DN37_PG064_MONPV,IVNKNQLTENSVKNYII
sp_A0A7H0DN37_PG064_MONPV,DRTE
sp_A0A7H0DN37_PG064_MONPV,KTELEHISKYMNYYTTYIDH
sp_A0A7H0DN37_PG064_MONPV,IILQNNYIDI
sp_A0A7H0DN37_PG064_MONPV,IDYVQDVLTEELCIRIVCESTNPVPVTSLPIHSTLVMVMCIQMKYVD
sp_A0A7H0DN37_PG064_MONPV,IDTLIEKGADP
sp_A0A7H0DN37_PG064_MONPV,FTTRWYNKHNDLI
sp_A0A7H0DN37_PG064_MONPV,TKEASDHLLKTMDENRGAI
sp_A0A7H0DN37_PG064_MONPV,YK
sp_A0A7H0DN37_PG064_MONPV,EENRNIEYKKTNRVLCFDSLENAAFKSLIKI
sp_A0A7H0DN37_PG064_MONPV,PGLKTYNMKDITYEKSNDII
sp_A0A7H0DN37_PG064_MONPV,HN
sp_A0A7H0DN37_PG064_MONPV,RYLSLWTPVVNMIEGREYTNPQKIECLVI
sp_A0A7H0DN37_PG064_MONPV,DLFSEEFIEYQNLGNAVSNKYELEYTISNYQAAINCLMSTLLIYLVLGSIRSISRTEDFVL
sp_A0A7H0DN37_PG064_MONPV,KINELLSEPVSGVCIELDKIKDRASSGDSSFIFLKKNELSKTLSLCEKVCVETILDNNQSFK
sp_A0A7H0DN39_RP30_MONPV,YISSYSSNEQISMAVVTTDIRELLSQYVDDANLENLIEWAMEKSSKYY
sp_A0A7H0DN39_RP30_MONPV,KNIGNTKSNIEETKFESKNNIGIEYSKDSKNKLSYRNKPSI
sp_A0A7H0DN39_RP30_MONPV,KTLCDMIKGTSGT
sp_A0A7H0DN39_RP30_MONPV,PNCKSRNTTPMMIQTRAA
sp_A0A7H0DN39_RP30_MONPV,LNVTTQSIHENK
sp_A0A7H0DN39_RP30_MONPV,SPP
sp_A0A7H0DN39_RP30_MONPV,EPP
sp_A0A7H0DN40_PG067_MONPV,DSFTLKRKYQIDSAESTMKMDKTMTKFQN
sp_A0A7H0DN40_PG067_MONPV,KMVKEINQTIRAAQTHYET
sp_A0A7H0DN40_PG067_MONPV,MIRTTTLEDIAPSIPNNQKTYKLFSDISVIGKASQNPSKMIYA
sp_A0A7H0DN40_PG067_MONPV,ICLEMTIDSFVIECI
sp_A0A7H0DN42_PG069_MONPV,TIQTPTKLMNKENAEMILEKIVNHIAMYISDESIYSENNPE
sp_A0A7H0DN42_PG069_MONPV,LIIK
sp_A0A7H0DN42_PG069_MONPV,DHAEKSSPETQQMII
sp_A0A7H0DN42_PG069_MONPV,LKPIMSMGDIFTYNGCKDNEWMLEQLSTLNFNNLYTWNSCSIGNV
sp_A0A7H0DN42_PG069_MONPV,SYLMKDK
sp_A0A7H0DN44_DPOL_MONPV,CINWFESHGE
sp_A0A7H0DN44_DPOL_MONPV,KSRCRNG
sp_A0A7H0DN44_DPOL_MONPV,YQ
sp_A0A7H0DN44_DPOL_MONPV,RPMGKMRTIDIDETISYNLDIKDRKCSVAD
sp_A0A7H0DN44_DPOL_MONPV,KRSIQNATMDEFLNISWFYISNGISPDGCYSLDEQYLTKINNGCYHCDD
sp_A0A7H0DN44_DPOL_MONPV,SHTSYCYI
sp_A0A7H0DN44_DPOL_MONPV,FTLINEEMLTEQEIQEAVDRGCLRIQSLMEMDYERELV
sp_A0A7H0DN44_DPOL_MONPV,TFNGH
sp_A0A7H0DN44_DPOL_MONPV,RLEL
sp_A0A7H0DN44_DPOL_MONPV,FRSPDKKEAVHLCIYERNQSSHKGVCGMANTTFHVNNNNGTI
sp_A0A7H0DN44_DPOL_MONPV,FIQKSEKLDSYKLDSISKNAFSCMGKVLNRGVREMTFIGDDTTDAKGKADTFAKVLTTGNYVTVDE
sp_A0A7H0DN44_DPOL_MONPV,ENGFKVVLSCPTLPNDIYKL
sp_A0A7H0DN44_DPOL_MONPV,FGK
sp_A0A7H0DN44_DPOL_MONPV,LAQMYKDYNLNIALDMARYCIHDACL
sp_A0A7H0DN44_DPOL_MONPV,GVETKTDAGAATYVLPQSMVFEYRA
sp_A0A7H0DN44_DPOL_MONPV,ETKTILVRSETKQK
sp_A0A7H0DN44_DPOL_MONPV,KQKMFSNNVLIFDYNSLYP
sp_A0A7H0DN44_DPOL_MONPV,CIFGNLSPETLVGVVVSTNRLEEEINNQ
sp_A0A7H0DN44_DPOL_MONPV,PNLISEIAIFDRS
sp_A0A7H0DN44_DPOL_MONPV,KQATSSTEKAIYDSMQYTYKIVANSVYGLMGFRNSALYSYASAKSCTSI
sp_A0A7H0DN44_DPOL_MONPV,LYLESVLNGAELSNGMLRFANTLSNPFYMDDR
sp_A0A7H0DN44_DPOL_MONPV,YGDTDSVFTEIDSQDVDKSIEI
sp_A0A7H0DN44_DPOL_MONPV,ERLINSRVLFN
sp_A0A7H0DN44_DPOL_MONPV,LIMQSKKKYTTMKYSASSNSKSVPERINKGTSETRRDVSKFHKNMIKTYKTRLSEMLSEGRMNSNQVCIDILRSLETDLRSEFDSRSSPLELFMLSRMHHSNYKSADNPNMYLVTEYNKNNPET
sp_A0A7H0DN44_DPOL_MONPV,WTKKLVNIKTYETIIDRSFKLGS
sp_A0A7H0DN44_DPOL_MONPV,SEIVNLLDNKVLCISF
sp_A0A7H0DN44_DPOL_MONPV,MFGSRPTF
sp_A0A7H0DN46_PG073_MONPV,NIFLETDAGRVKFVIKNTDDVCASELINKFVELLSEYIHIDQSEFYLVVKDKDIFYFKCDRGSISIVNNEFYV
sp_A0A7H0DN46_PG073_MONPV,DFTKITGVEFIVTETMPCRIIPKNNHAVISVVTNHKFYNG
sp_A0A7H0DN48_GLRX1_MONPV,FVQQRLANNKVTIFVKFTCPFCRNALDILNKFSFKRGAYEI
sp_A0A7H0DN48_GLRX1_MONPV,ELRDYFEQITGGRTVPRIFFGKTSIGGYSDLLEIDNMDALGDILLSIGV
sp_A0A7H0DN51_PG079_MONPV,IKKRVETSPRPTASSDSLQTCAGVIEYAKSISKSNAKCIECVTLNASQYANCSSISIKLTDSLSSQMTSTFIMLEGETKLYKNKSKQDRSDGYF
sp_A0A7H0DN51_PG079_MONPV,KIKVTAASPMLYQLLEAVYGNITHKERIPNSLHSLSAETITEKTFKDESIFINKLNGAMVEYVSTGESSILRSIEGELESLSKRERQLAKA
sp_A0A7H0DN51_PG079_MONPV,VVFYRSGTETKIT
sp_A0A7H0DN51_PG079_MONPV,IDREVVANVIGLSGDSERVSMTENVEEDLVRNLGLVDIDDEYDEDSDKEKP
sp_A0A7H0DN57_PG085_MONPV,DRMKKD
sp_A0A7H0DN57_PG085_MONPV,NFGFENDID
sp_A0A7H0DN57_PG085_MONPV,HLLEHLLISFDSTNFLANASTSRSYMSFWCKSINSATESDAIRTLVSWFFSNGKLKDNFSLSSI
sp_A0A7H0DN57_PG085_MONPV,FH
sp_A0A7H0DN57_PG085_MONPV,MDILTFLSGGDLYNGGRIDMIDNLNI
sp_A0A7H0DN57_PG085_MONPV,VNRMQRISGSNIVIF
sp_A0A7H0DN57_PG085_MONPV,DFFKQT
sp_A0A7H0DN57_PG085_MONPV,SIPVSTNGKIVM
sp_A0A7H0DN57_PG085_MONPV,TVMVRINPT
sp_A0A7H0DN57_PG085_MONPV,HLID
sp_A0A7H0DN57_PG085_MONPV,TIGNQLYLT
sp_A0A7H0DN57_PG085_MONPV,DETEYE
sp_A0A7H0DN57_PG085_MONPV,ILQISQCQSINMNYSDDYMM
sp_A0A7H0DN57_PG085_MONPV,TRINDDSKSILISLTNEIYTSIINRD
sp_A0A7H0DN57_PG085_MONPV,PNFSKAMCNTRDTQQHQIVVLDA
sp_A0A7H0DN57_PG085_MONPV,MKRLTSNEIFIRYGDASLMDMITLSLSKQDISLKRNAEGIRVKHSFSADDIQAIMESDSFLKY
sp_A0A7H0DN57_PG085_MONPV,RSKPA
sp_A0A7H0DN57_PG085_MONPV,FASGNSIDDILTNRDSTLEFSKRTKSKILFGRNTRYDITAKSSFVCGIVRGKSLDKTSLVEMMWD
sp_A0A7H0DN57_PG085_MONPV,LIYSMEFTNLLSKNT
sp_A0A7H0DN57_PG085_MONPV,TDEVYDYLNNNKLFSAKCLVVSTKGDVENFSSLKKDVV
sp_A0A7H0DN62_RP07_MONPV,VCSTCGKDISHERYKLIIRKKSLKDVLVSVKNECCRLKLSTQIEPQRNLTVQPL
sp_A0A7H0DN63_PG091_MONPV,FIKTYAP
sp_A0A7H0DN63_PG091_MONPV,IFINYAMSLTSHLNPSIE
sp_A0A7H0DN63_PG091_MONPV,TLLSEHLVVESTYR
sp_A0A7H0DN63_PG091_MONPV,YMLENIQVMKIAADMSLTL
sp_A0A7H0DN63_PG091_MONPV,ECYKNAGIDTSSKRILGKDIFLSQNFTDDNRWIKIYDSNNLTFWQID
sp_A0A7H0DN71_PG099_MONPV,NVY
sp_A0A7H0DN71_PG099_MONPV,HSLLSVYKH
sp_A0A7H0DN71_PG099_MONPV,SELNMFFM
sp_A0A7H0DN71_PG099_MONPV,LRRANLACEDDKLMIY
sp_A0A7H0DN71_PG099_MONPV,LPWITTQTSALSINSKPIVYKDCAKLLRSINGSQPVSLNDV
sp_A0A7H0DN78_DUSP_MONPV,SLY
sp_A0A7H0DN78_DUSP_MONPV,TGDMHRAKS
sp_A0A7H0DN78_DUSP_MONPV,TIMTRVTNNVYLGNYKNAMDAPSSEV
sp_A0A7H0DN78_DUSP_MONPV,LTMDKYTLPNSNINI
sp_A0A7H0DN78_DUSP_MONPV,TTDISKYFDD
sp_A0A7H0DN78_DUSP_MONPV,AFLSKCDQRNEPV
sp_A0A7H0DN78_DUSP_MONPV,CVAGVNRSGAMILAYLMSKNKESSPM
sp_A0A7H0DN78_DUSP_MONPV,YV
sp_A0A7H0DN80_PG108_MONPV,VI
sp_A0A7H0DN80_PG108_MONPV,PNVHEHIND
sp_A0A7H0DN80_PG108_MONPV,VKDNEVMQEKRDVVI
sp_A0A7H0DN80_PG108_MONPV,GNIRDDDKYTHF
sp_A0A7H0DN80_PG108_MONPV,SGFCNTMCTEETKRNIARHLALWDSKFFTELENKNVEYVVIIENDNVI
sp_A0A7H0DN80_PG108_MONPV,REIITGNKVKTELVIDKDHAIFTYTGGYDVSLSAYIIRVTTALNIVDEIIKSGGLSS
sp_A0A7H0DN80_PG108_MONPV,EMKINRQIMDNSAKYVE
sp_A0A7H0DN80_PG108_MONPV,ET
sp_A0A7H0DN80_PG108_MONPV,PNF
sp_A0A7H0DN80_PG108_MONPV,FTTPLISF
sp_A0A7H0DN80_PG108_MONPV,MLIFNVKSKLL
sp_A0A7H0DN80_PG108_MONPV,TG
sp_A0A7H0DN80_PG108_MONPV,FV
sp_A0A7H0DN81_RAP94_MONPV,IL
sp_A0A7H0DN81_RAP94_MONPV,SYLLDTNISPKSYNDFISRNKNIFVINLYNVSTITEEDIRLLYTTIEQNIDADDQTLV
sp_A0A7H0DN81_RAP94_MONPV,EQTVKEEISTSLSFNDKNTTDEMTYNLYD
sp_A0A7H0DN81_RAP94_MONPV,KKISILVNDDVRGDVIVSYKNSDLVSSFNAELE
sp_A0A7H0DN81_RAP94_MONPV,PFNMKNLLPYLEKN
sp_A0A7H0DN81_RAP94_MONPV,IDGL
sp_A0A7H0DN81_RAP94_MONPV,YLENTGKIYKNSFSEDHNNSLSDWG
sp_A0A7H0DN81_RAP94_MONPV,HL
sp_A0A7H0DN81_RAP94_MONPV,LSSYHLHSY
sp_A0A7H0DN81_RAP94_MONPV,LKEAMKVDANYFTKINNFANE
sp_A0A7H0DN81_RAP94_MONPV,GINIPIFNLDAADVIKNTVIVSTFNKTIFLSE
sp_A0A7H0DN81_RAP94_MONPV,SYFVHSQRF
sp_A0A7H0DN81_RAP94_MONPV,FNIIMSFDNIMKSQTWVMKYNINRL
sp_A0A7H0DN81_RAP94_MONPV,DINSRRQEYEKKFSSEI
sp_A0A7H0DN81_RAP94_MONPV,RLSANLFESQVSSTELFYVSKMLNLNYIVALVIILNSSADFIVSYMKSKNKTVEESTLKYAISV
sp_A0A7H0DN81_RAP94_MONPV,KTRICEKGSLDTIVLFTDVYTSIMPEE
sp_A0A7H0DN81_RAP94_MONPV,LVSIQRSALEPNYDVESRGEELPLSALKFFDTSTIIVKTMAPIHACIK
sp_A0A7H0DN81_RAP94_MONPV,PTPSVKPTDASLKNFKELTCDED
sp_A0A7H0DN81_RAP94_MONPV,LIRVHDTNATKL
sp_A0A7H0DN81_RAP94_MONPV,LKSLYITNTLKYYYSNSY
sp_A0A7H0DN81_RAP94_MONPV,IDHEHVQYKINCYNI
sp_A0A7H0DN81_RAP94_MONPV,DVFVYFSNSLNREA
sp_A0A7H0DN81_RAP94_MONPV,KYVNVKQWIDENITRIRELYMIN
sp_A0A7H0DN84_PG112_MONPV,DKRMKSLAMTAFFGELNTLDIMALIMSIFKHHPNNTIFSVDKDGQ
sp_A0A7H0DN84_PG112_MONPV,YKASQYLDLTLTPISGNECKTHASSIAEQLACVDIIKEDI
sp_A0A7H0DN84_PG112_MONPV,RNRSYTRISRDTEKLKIALAKGIDYEYI
sp_A0A7H0DN85_MCEL_MONPV,IVSSSTIATYIDALAKNASELEQRSTAYEINNELE
sp_A0A7H0DN85_MCEL_MONPV,TLTNVVNISTIQESFIRFTVTNKEGI
sp_A0A7H0DN85_MCEL_MONPV,PLSKVHGLDVKNVQLVDA
sp_A0A7H0DN85_MCEL_MONPV,DNIVWEKKSLVTENRLHKECLLRLSTEERH
sp_A0A7H0DN85_MCEL_MONPV,KYGSSIRLELVNLIQAKTKNFTID
sp_A0A7H0DN85_MCEL_MONPV,FLGSGAQSKSSLLHAINHPKSRPNTSLEIEFT
sp_A0A7H0DN85_MCEL_MONPV,RDNETVP
sp_A0A7H0DN85_MCEL_MONPV,DE
sp_A0A7H0DN85_MCEL_MONPV,IKELTTLSRHIFMASPENVILS
sp_A0A7H0DN85_MCEL_MONPV,KTFMLPKQDIVGLDLENLYAVTKTDGIPITIRVTSKGLYC
sp_A0A7H0DN85_MCEL_MONPV,TIDSEVVVFGEAVKDKNWT
sp_A0A7H0DN85_MCEL_MONPV,PVNAISDRLEESKYVESKL
sp_A0A7H0DN85_MCEL_MONPV,GPFTTTSEVVDMLSTYLPKQ
sp_A0A7H0DN85_MCEL_MONPV,GVILFYSKGPKSNIDFKIKKENTIDQTANVVFRYMSSEPIIFGESSIFIEYKKFTNDKGFPKEYGSGKIVLYNGVNYLNN
sp_A0A7H0DN85_MCEL_MONPV,CLEYINTHNEVGIKSVVV
sp_A0A7H0DN85_MCEL_MONPV,KTMKYINSEDYYGNQHNIIVEHLRDQSIKIG
sp_A0A7H0DN85_MCEL_MONPV,VFNEDKLSDVGHQYAANN
sp_A0A7H0DN85_MCEL_MONPV,VSYFTNKRTRGPLGILSNYVKTLLISMYCSKTFLDDSNKRKVLAIDFGNGADLE
sp_A0A7H0DN85_MCEL_MONPV,LLVATDPDADAIARGNERYNKLNSGIKT
sp_A0A7H0DN85_MCEL_MONPV,ETIRSDTFVSSVR
sp_A0A7H0DN85_MCEL_MONPV,HYATVMNNLSELTASGGKVLITTMDGDKLSKLTDKKTFIIHKNLPSSENYMSVEKIADDRIVVYNPSTMSTPMTEYIIK
sp_A0A7H0DN85_MCEL_MONPV,LV
sp_A0A7H0DN85_MCEL_MONPV,DFATIIERSKKFINGASTMEDRPSTRNFFELNRGAIKCEGLDVEDLLSYYVVYV
sp_A0A7H0DN89_PG117_MONPV,IRGNDVIFVL
sp_A0A7H0DN89_PG117_MONPV,GVPSACRQNEDPR
sp_A0A7H0DN89_PG117_MONPV,DNNPECT
sp_A0A7H0DN89_PG117_MONPV,FESLRDEEAYSIVR
sp_A0A7H0DN89_PG117_MONPV,FMDVDLDACLDEIDYLTAIQDFIIEVSNCVARFAF
sp_A0A7H0DN89_PG117_MONPV,CGAIHENVIKSMRSNFSLTKSTNRDKTSFH
sp_A0A7H0DN89_PG117_MONPV,TYTTMDT
sp_A0A7H0DN89_PG117_MONPV,LLELSRSSENPLTRSIDT
sp_A0A7H0DN89_PG117_MONPV,KTTLRVVGTRKNPNCDTIHVMQ
sp_A0A7H0DN89_PG117_MONPV,YVDMNNNSYY
sp_A0A7H0DN89_PG117_MONPV,AIKRVSKIFINSIINFNDLDENNFTT
sp_A0A7H0DN89_PG117_MONPV,CKKRSHKHPHQLSLENGAIRIYKTGNPHSCKV
sp_A0A7H0DN89_PG117_MONPV,NKLFNIAQRILDTNSVLLTERGDHIVWINNSWKFNSEEPL
sp_A0A7H0DN89_PG117_MONPV,LSIRHQLPKEYSS
sp_A0A7H0DN89_PG117_MONPV,TVEANIRDMLVDSVETD
sp_A0A7H0DN89_PG117_MONPV,KNGVLD
sp_A0A7H0DN89_PG117_MONPV,DG
sp_A0A7H0DN89_PG117_MONPV,FYSGDDAKKYTCTVSTGFKFD
sp_A0A7H0DN89_PG117_MONPV,EDSPEMEELMNIINDIQP
sp_A0A7H0DN89_PG117_MONPV,DENKKNRELYEKTLSSCLCGATKGCLTFFFGETATGKSTTKRLLKSAIGDLFVETGQTILTDVLDKG
sp_A0A7H0DN89_PG117_MONPV,PFIANMHLKRSV
sp_A0A7H0DN89_PG117_MONPV,DFACSGSKKIRSDNIKKLTE
sp_A0A7H0DN89_PG117_MONPV,CFSNKINNRNHATIIID
sp_A0A7H0DN89_PG117_MONPV,RFRTHFSQPSGREAAENNDAYD
sp_A0A7H0DN89_PG117_MONPV,GTLLVSSSVKHIPLMTDLSKKGYILYDNVVTLPLTTFQQKISKYFNSRL
sp_A0A7H0DN89_PG117_MONPV,NRHKKFANVSDE
sp_A0A7H0DN89_PG117_MONPV,ED
sp_A0A7H0DN90_ETF1_MONPV,DLFDNHVDS
sp_A0A7H0DN90_ETF1_MONPV,DENRSVLLFHIMGSGKTIIA
sp_A0A7H0DN90_ETF1_MONPV,KIFNYNMGVAMNLFN
sp_A0A7H0DN90_ETF1_MONPV,IHSTTSFYSLNYNDNVINYNGLSRYNNSIFIVDE
sp_A0A7H0DN90_ETF1_MONPV,HNIFGNNTGELMTVIKNKNKIPF
sp_A0A7H0DN90_ETF1_MONPV,TNTPNTLGHIIDLMSEETID
sp_A0A7H0DN90_ETF1_MONPV,QTLLNERGVN
sp_A0A7H0DN90_ETF1_MONPV,VYCHMSKLQEK
sp_A0A7H0DN90_ETF1_MONPV,LCYHEMFDKNMYNVSMAVLGQLNLMNNLDTLFQEQDKE
sp_A0A7H0DN90_ETF1_MONPV,YP
sp_A0A7H0DN90_ETF1_MONPV,INNGVLYGEELVTLNISSK
sp_A0A7H0DN90_ETF1_MONPV,HFIYFSNSTYG
sp_A0A7H0DN90_ETF1_MONPV,YIMLSNGYSEYNGSQGTNPHMINGKP
sp_A0A7H0DN90_ETF1_MONPV,IVTSKMKSSLEDLLDVYNSPENDDGNQLMFLFSSNIMSESYTLKEV
sp_A0A7H0DN90_ETF1_MONPV,PDTFSQYNQ
sp_A0A7H0DN90_ETF1_MONPV,YSDFNDEVTSLNDYTQD
sp_A0A7H0DN90_ETF1_MONPV,TNRIYSILQEMSETYSL
sp_A0A7H0DN90_ETF1_MONPV,FYNNSRIKYNDSKLLK
sp_A0A7H0DN90_ETF1_MONPV,RKEYNVV
sp_A0A7H0DN92_CAHH_MONPV,LSPINIETKKAISDARLKTLDIHYNESKPTTIQNTGKLV
sp_A0A7H0DN92_CAHH_MONPV,HIYWGKEDDYGSNHLIDV
sp_A0A7H0DN92_CAHH_MONPV,YSGEINLVHWNKKKYSSYEEAKKHDDG
sp_A0A7H0DN92_CAHH_MONPV,VSDHKNV
sp_A0A7H0DN92_CAHH_MONPV,VNQLDSIRSANMSAPFD
sp_A0A7H0DN92_CAHH_MONPV,LGTTINHSADA
sp_A0A7H0DN92_CAHH_MONPV,PINIHSDQLSKFRTLLSSSNHEGKPHYITENYRNPYKLNDDTQVYYSG
sp_A0A7H0DN92_CAHH_MONPV,VR
sp_A0A7H0DN92_CAHH_MONPV,NYFMKWLSD
sp_A0A7H0DN92_CAHH_MONPV,YIEGN
sp_A0A7H0DN92_CAHH_MONPV,SQRYSRE
sp_A0A7H0DN93_PG121_MONPV,MDEEVIFETPRELISIKRIKDIPRSKDTHVFAACITSDGYPLIGARRTSFAFQAILSQQNSDSIFRV
sp_A0A7H0DN93_PG121_MONPV,KGSINNIDPHFE
sp_A0A7H0DN93_PG121_MONPV,KESI
sp_A0A7H0DN93_PG121_MONPV,LKEESDEHITVKEFGNVILKLTTSDKLFNKV
sp_A0A7H0DN93_PG121_MONPV,IGYCMACFINQSLEDLSHTSIYNVEIRKIKSLNDCINDDKYEY
sp_A0A7H0DN93_PG121_MONPV,IYNIL
sp_A0A7H0DN96_MCES_MONPV,VKNIREGTHVLLP
sp_A0A7H0DN96_MCES_MONPV,ETLPELNLSLGKSPLPSLEYGANYFLQISRVNDLNRMPTDMLKLFTHDIMLPESDLDKV
sp_A0A7H0DN96_MCES_MONPV,SVKYYGRSTRADAVVADLSA
sp_A0A7H0DN96_MCES_MONPV,DAIKSNNHLTENNLYISDYKML
sp_A0A7H0DN96_MCES_MONPV,RLLKCVSDSWLKDSAIMVASDVYKKNLDLFMSHVKSVTKSSSWKDVNTVQFSILNDPV
sp_A0A7H0DN96_MCES_MONPV,EF
sp_A0A7H0DN96_MCES_MONPV,VHSLLYSSMTSDSKSIENKHQRRLVK
sp_A0A7H0DN97_PG125_MONPV,IINSLIGGDDFIKRSNVFAVDSQIP
sp_A0A7H0DN97_PG125_MONPV,MPQYISLSGVMTNDGPDNQAIASFE
sp_A0A7H0DN97_PG125_MONPV,TALNHLVLS
sp_A0A7H0DN97_PG125_MONPV,KCINHVSVSSCNGVI
sp_A0A7H0DN97_PG125_MONPV,IEGEELYNNCINNTIALKHSGYSSELNDISIGLT
sp_A0A7H0DN97_PG125_MONPV,NDTIKEPST
sp_A0A7H0DN97_PG125_MONPV,EDTFSSLKLSDSKITVTVTFNPVSDIVIRD
sp_A0A7H0DN97_PG125_MONPV,VKNV
sp_A0A7H0DN97_PG125_MONPV,INQPTATVTEVHAATSLSVYTKPYYGNTDNKF
sp_A0A7H0DN97_PG125_MONPV,SYPGYSQDEKD
sp_A0A7H0DN97_PG125_MONPV,VIV
sp_A0A7H0DN97_PG125_MONPV,PESAEIVEVPEDGVVSIQDAD
sp_A0A7H0DN97_PG125_MONPV,VPDNMSVYLHTNLLMFGTRKNSFIYNISKKFSAITGTYSDATKRTVFAHISHTINII
sp_A0A7H0DN97_PG125_MONPV,VSLWTSQRNVYNGDNRSAESKAKD
sp_A0A7H0DN97_PG125_MONPV,KTD
sp_A0A7H0DN97_PG125_MONPV,NDVLYSENGPISRIYNELLTKSNNGTRTLT
sp_A0A7H0DN97_PG125_MONPV,ITANVSRGKDKLSVRVVYSTMD
sp_A0A7H0DN97_PG125_MONPV,DLYKVSYDQGVSITKIMG
sp_A0A7H0DN99_VLTF3_MONPV,LCSCCRHNGIVSEQGYEYCIFCESVFQKCTKVQKKSNFHVSNKLI
sp_A0A7H0DN99_VLTF3_MONPV,RLLSHQCSGEIISELLDIMEKNQISTDDVDANFVSSFLKANERINKKDYKLVFEIINQVKDEKLNLSTEKINEVVEIFKH
sp_A0A7H0DN99_VLTF3_MONPV,VFFCQENTPSKTINYSFFLD
sp_A0A7H0DN99_VLTF3_MONPV,FDITSVTKNLKPQTVKNYTKNNSNQLVWENFLAHMRSKKRVTMVEDYGHEYVFVDERFSTCS
sp_A0A7H0DNA6_VTF3S_MONPV,VPDLNLEASVELGEVNIDQTTPMIKENSGFISRSRRLFAHRSKDD
sp_A0A7H0DNA6_VTF3S_MONPV,DAVKDVTITKKNNIIV
sp_A0A7H0DNA6_VTF3S_MONPV,LLTIASKGCKLTETMIEA
sp_A0A7H0DNA6_VTF3S_MONPV,ELYNEHSKKFKFNSQVSIIQEKLGYQSGNYHV
sp_A0A7H0DNA6_VTF3S_MONPV,STVALAIRDEHSSGIFNIRQESYLVSSLSEITYRF
sp_A0A7H0DNA6_VTF3S_MONPV,LINLKSDLVQWSASTGAVINQMVNTVLITVYEKLQLAIENDSQFTCSLAVESELP
sp_A0A7H0DNA6_VTF3S_MONPV,KDRNELFTKFINELKKTSSFKISKRDKDTLLKHFTY
sp_A0A7H0DNB5_PG143_MONPV,TLNRIKIETGIADI
sp_A0A7H0DNB5_PG143_MONPV,MYYYETS
sp_A0A7H0DNB5_PG143_MONPV,DGMSIDHC
sp_A0A7H0DNB5_PG143_MONPV,YYQNE
sp_A0A7H0DNB5_PG143_MONPV,DYIASGQR
sp_A0A7H0DNB5_PG143_MONPV,SDSVAKCCSKTNTKHCPKIFNNNYKTEHCDDFMTG
sp_A0A7H0DNB5_PG143_MONPV,RNDPGN
sp_A0A7H0DNB5_PG143_MONPV,AMSTYSDICSKHMDAR
sp_A0A7H0DNB5_PG143_MONPV,VFCNDHKGNRNCWCANYPKSNSGDK
sp_A0A7H0DNB5_PG143_MONPV,LHECTDESR
sp_A0A7H0DNB5_PG143_MONPV,YYNQDVQRT
sp_A0A7H0DNB5_PG143_MONPV,VGCTINVNSLALKNSQAELTSNCTRTTSAVGDVH
sp_A0A7H0DNB5_PG143_MONPV,WLGASITLV
sp_A0A7H0DNB5_PG143_MONPV,IKTNDINV
sp_A0A7H0DNB8_PG146_MONPV,MKSRKKKPKTTVIDDDDDCMTCSACQSKLVKISDITKVSLDYINTMRGNTLACSACGSSLKLLN
sp_A0A7H0DNB9_PG147_MONPV,LILCY
sp_A0A7H0DNB9_PG147_MONPV,MRRERAAYVNYKRLNKNFICVDDRLFSYNFTTSGIKAKVAVNKNVPIPCSKINEVNNKDVDTLYCDKDRD
sp_A0A7H0DNB9_PG147_MONPV,RSCYRAYSDL
sp_A0A7H0DNC0_PG148_MONPV,ADLTNLKELLSLYKSLRFSDSVAIEKYNSLVEWGTSTYWKIGVQKVTNVETSISDYYDE
sp_A0A7H0DNC0_PG148_MONPV,FIYSKGKNMVELGSGNSFQIPDEIRSACNKVLDSDNGI
sp_A0A7H0DNC0_PG148_MONPV,NNRWIMEDAISKYQSPVNIFKLASEYGLNIP
sp_A0A7H0DNC0_PG148_MONPV,YLEI
sp_A0A7H0DNC0_PG148_MONPV,DDELYSIMERSFDD
sp_A0A7H0DNC0_PG148_MONPV,SI
sp_A0A7H0DNC0_PG148_MONPV,PSVITKSGKKILVK
sp_A0A7H0DNC0_PG148_MONPV,FVKVKKKNTFSILYDYDGNGTETRGE
sp_A0A7H0DNC0_PG148_MONPV,VNGKYFSK
sp_A0A7H0DNC0_PG148_MONPV,LKQLTNKLDINECATVDELVDEINKSGT
sp_A0A7H0DNC0_PG148_MONPV,KRKIKNQSVFDLSRECL
sp_A0A7H0DNC0_PG148_MONPV,LVNNMRFKIENCKVVNFNIENTNCLNNPSIETIYGNFNQFVSIFNTVTDVKK
sp_A0A7H0DNC2_VITF3_MONPV,FTFLHEI
sp_A0A7H0DNC2_VITF3_MONPV,NFHLISCD
sp_A0A7H0DNC2_VITF3_MONPV,KERISSEDMFDN
sp_A0A7H0DNC2_VITF3_MONPV,YN
sp_A0A7H0DNC2_VITF3_MONPV,IQLTKHIINQNTYPVFNDSSQVKCCHYFDINSNNSNISSRTVEIFESEKSSLVSYIKTTNKKRKVNYGEIKKTVHGGTNANYFSGKKSDEYLSTTVRSNINQPWIKTISKRMRVDIINHSIVTRGKSSILQTIEIIFTNRTCVKIFKDSTMHIILSKDKDEKGCINM
sp_A0A7H0DNC2_VITF3_MONPV,KEVANVVNHVLMATAL
sp_A0A7H0DNC2_VITF3_MONPV,MAEHDVYGVSNFKIGMFNLTFIKSLDHTVFP
sp_A0A7H0DNC2_VITF3_MONPV,IVALRSLEDCTNYVTKSENMIEMMKERSTILNSIDIETESVDRLKEL
sp_A0A7H0DNC3_RP132_MONPV,TDSEMDQR
sp_A0A7H0DNC3_RP132_MONPV,VSY
sp_A0A7H0DNC3_RP132_MONPV,PLLSFKNNTERIMIEISNVKVT
sp_A0A7H0DNC3_RP132_MONPV,PIIASIKGKSYDALATFTVNIFKEVMTKEGISITKISSYEGKDS
sp_A0A7H0DNC3_RP132_MONPV,GNKNPLDT
sp_A0A7H0DNC3_RP132_MONPV,FINKQSVEKVGINLV
sp_A0A7H0DNC3_RP132_MONPV,NSFTFSFSSVSP
sp_A0A7H0DNC3_RP132_MONPV,RYRHYKISLDISQLEASNISSTKTFITVNIVLLSQYLSRVSLE
sp_A0A7H0DNC3_RP132_MONPV,IRRSLSYDM
sp_A0A7H0DNC3_RP132_MONPV,NAIIDSAKRLTESITDFNIDTY
sp_A0A7H0DNC3_RP132_MONPV,EAEHIKQKSQLTINEFKYEMLHNFLPHMNYTPDQ
sp_A0A7H0DNC3_RP132_MONPV,IYHTSRYPDRDSMVC
sp_A0A7H0DNC3_RP132_MONPV,ETLAHDELEN
sp_A0A7H0DNC3_RP132_MONPV,GNIRNDIMNNHKNRGTYAVNIHVLTTPGLNHAFSSLLSGKFKKSDGSYRTHPHYSWMQNISI
sp_A0A7H0DNC3_RP132_MONPV,VKISKMFSVRKYHPSQYLYFCSSDVPERGPQVGLVSQLSVLSSITNILTSEYLDL
sp_A0A7H0DNC3_RP132_MONPV,ITIENALVASLNPNMICD
sp_A0A7H0DNC3_RP132_MONPV,FGNLEVGITLVRDHMNEIRIN
sp_A0A7H0DNC3_RP132_MONPV,VVDNGELMMDVCPELESRLDDMTFSDIQKEFPHVIEMVDIEQFTFSNVCESVQ
sp_A0A7H0DNC3_RP132_MONPV,MMSKDERKQY
sp_A0A7H0DNC3_RP132_MONPV,YVASSLVGINHNSGPRAILGCAQAKQAISCLSSDIRNKIDNGIH
sp_A0A7H0DNC3_RP132_MONPV,ISKALETSKIAANCFGQHVTIALMSYKGINQED
sp_A0A7H0DNC3_RP132_MONPV,IVTAKKHQVE
sp_A0A7H0DNC3_RP132_MONPV,FNNKERDRSNAYSKLESNGLVRLNAFLESGDAMARNISSRTLEDDFARDNQISFDVSEKYTDM
sp_A0A7H0DNC3_RP132_MONPV,QVE
sp_A0A7H0DNC3_RP132_MONPV,GDKFTTRTSQKGTVAYIADETELPYDENGITPDVIINSTSIFSRKTISMLIEVILTAAYSTKPYNNKGENRPVCFPSSNETSIDAYMQFAKQCYEYSNPKLSEEELS
sp_A0A7H0DNC3_RP132_MONPV,LTQDKATVRCRGKKTKLIRQANEGRKRGGGIKFGEMERDCLIAHGAANTITEVLKDSEEDYQ
sp_A0A7H0DNC3_RP132_MONPV,VYICENCGDIAAQIKSINTCLRCSKLNLSPLLTKIDTTHVSKVFLTQMNARG
sp_A0A7H0DNC3_RP132_MONPV,KVDLKPS
sp_A0A7H0DNC4_PG153_MONPV,INLWNGIVPMVQDVNVASITAFKSMIDETWDK
sp_A0A7H0DNC4_PG153_MONPV,IEANTCISRKHRNI
sp_A0A7H0DNC4_PG153_MONPV,DENRKS
sp_A0A7H0DNC4_PG153_MONPV,HKTMLAYDDGSLNTKFKTLNIYMI
sp_A0A7H0DNC4_PG153_MONPV,SGKNHDG
sp_A0A7H0DNC4_PG153_MONPV,ITSNDKNLI
sp_A0A7H0DNC4_PG153_MONPV,VNGS
sp_A0A7H0DNC4_PG153_MONPV,ESWTFS
sp_A0A7H0DNC4_PG153_MONPV,EKFSN
sp_A0A7H0DNC4_PG153_MONPV,TNNRNGY
sp_A0A7H0DNC4_PG153_MONPV,EDKPDND
sp_A0A7H0DNC4_PG153_MONPV,SDV
sp_A0A7H0DNC4_PG153_MONPV,IDNECTNIQSSAENATDIGHYQDS
sp_A0A7H0DNC4_PG153_MONPV,NTLDHNLNSIGHY
sp_A0A7H0DNC4_PG153_MONPV,GR
sp_A0A7H0DNC6_PG155_MONPV,SIFFIVVATAAVCLLFIQSYSIYENYGNIKEFNATHAAFEYSKSIGGTPALDRRVQDVNDTISDVKQKWRCVVYPGNGFVSASIFGFQAEVGPNNTRSIRKFNTMRQCIDFTFSDVINID
sp_A0A7H0DNC6_PG155_MONPV,APNINNTECQFL
sp_A0A7H0DNC7_RP35_MONPV,REENSIVVE
sp_A0A7H0DNC7_RP35_MONPV,FIKQGFNNLVKWP
sp_A0A7H0DNC7_RP35_MONPV,IGVVLYNTSTAVNEEWLTAV
sp_A0A7H0DNC7_RP35_MONPV,KH
sp_A0A7H0DNC7_RP35_MONPV,YLKRSQSEHDN
sp_A0A7H0DNC7_RP35_MONPV,DKDTNSVTMVDKPTELKET
sp_A0A7H0DNC7_RP35_MONPV,FQEYRLKSSQTIELIAFSSGTVINEDIVSKLTFL
sp_A0A7H0DNC7_RP35_MONPV,EVFNREYNNVKTI
sp_A0A7H0DNC7_RP35_MONPV,FVSRSPFIV
sp_A0A7H0DNC7_RP35_MONPV,SPMG
sp_A0A7H0DNC7_RP35_MONPV,FVE
sp_A0A7H0DNC7_RP35_MONPV,WFD
sp_A0A7H0DNC7_RP35_MONPV,IANIHNHMIKVGDCDETVSSYNPESGMLFVNDLMTMNIVNFFGCNSRLESYHRFDMTKVDVELFIKALSDACKKILSAS
sp_A0A7H0DNC8_PG157_MONPV,NEANFSHLLINLSNNKDIDMQYTSTLSVVHELLSAINFKIFNINKKSKKNSKSIEQQHPVVHHAASTGREF
sp_A0A7H0DND0_PG159_MONPV,KTSFYNCNDS
sp_A0A7H0DND0_PG159_MONPV,STVVK
sp_A0A7H0DND0_PG159_MONPV,SGGGIYHDDLV
sp_A0A7H0DND0_PG159_MONPV,NDLKMMLFYMDLSYHGVTSSGAIYKLGSSIDRLSL
sp_A0A7H0DND0_PG159_MONPV,VTKVNNNYNNYNNYNNYNCYNNYNCYNYDDTFF
sp_A0A7H0DND2_PG161_MONPV,ENDEEQTSVFSATVYG
sp_A0A7H0DND2_PG161_MONPV,NKRKRVIGLCIRISMVISLLSMITMSAFLIVRLNQCMSANKAAITDSAVAVAAASSTHRKVVSSTTQYDHKESCNGLYYQGSCYILHSDYKSFEDAKANCAAESSTLPNKSDVLTTWLIDYVEDTWGSDGNPITKTTSDYQDSDVSQEVRK
sp_A0A7H0DND7_PG166_MONPV,RILLIYLCTFVVITSTKTIEYTACNDTII
sp_A0A7H0DND7_PG166_MONPV,IDNPTKYIRWKLDNHDILTYNKTSKTTILSKWHTSARLHSLSDSDVSLIMEYKDILPGTYTCGDNTGIKYTVKLIQRHTNWFNDYQTMLMFIFTGITLFLLFLEIAYTSISVVFSTNLGILQVFGCVIAMIELCGA
sp_A0A7H0DND7_PG166_MONPV,FYPSMFTLRHIIGLLMMTLPSIFLIITKVFSFWLLCKLSCAVHLIIYYQ
sp_A0A7H0DND7_PG166_MONPV,ILTVLGLGLSLKECVDGTLLLSGLGTIMVSEHFGL
sp_A0A7H0DND7_PG166_MONPV,CFPSTQR
sp_A0A7H0DNE3_SODL_MONPV,IIDHDNIRGVIYVEQVHGKDKVLGSVIGLKSGTYSLIIHRYGDISRGCDSIGSPEIFIGNIFVNRYGVAYVYLDTDVNISTIIGKALSISKNDQRLACGVIGISYINEKIIHFLTINE
sp_A0A7H0DNE4_PG176_MONPV,ISVNASKTINALVYFSTQQDKLVIRNEVNDIHYTVEFDRDKVVDTFISYNRHNDSIE
sp_A0A7H0DNE4_PG176_MONPV,PEETNIGRVVNTPVSMTYLYNKY
sp_A0A7H0DNE4_PG176_MONPV,YIRHRNTISGNIYSALMTLDDLVIKQYGDID
sp_A0A7H0DNE4_PG176_MONPV,LFNEKLKVDSDSGLFD
sp_A0A7H0DNE4_PG176_MONPV,NFVKDMICCDSRIVVALSSLVSKHWELTNKKYRCMALAEHIADSI
sp_A0A7H0DNE4_PG176_MONPV,IS
sp_A0A7H0DNE4_PG176_MONPV,SR
sp_A0A7H0DNE4_PG176_MONPV,KYLRGHTDSIED
sp_A0A7H0DNE4_PG176_MONPV,HFEDDDLSTCSAVTDRE
sp_A0A7H0DNE5_KTHY_MONPV,ALIVFEGLDKSGKTTQCMNIMESI
sp_A0A7H0DNE5_KTHY_MONPV,KYLNFPQRSTVTGKMIDDYLTRKKTYNDHIVNL
sp_A0A7H0DNE5_KTHY_MONPV,CANRWEFASFIQEQLEQGITLIVDRY
sp_A0A7H0DNE5_KTHY_MONPV,VAYATAKGASMTLSKSYESGLPKPDLVIFLESGSKEINRNIGEE
sp_A0A7H0DNE5_KTHY_MONPV,MIEEGDIHWQIISSEFEEDVK
sp_A0A7H0DNE5_KTHY_MONPV,IEAIHTVTGPVG
sp_A0A7H0DNE6_DNLI_MONPV,EFRKL
sp_A0A7H0DNE6_DNLI_MONPV,CDIYHASGYKEK
sp_A0A7H0DNE6_DNLI_MONPV,ITDRDDT
sp_A0A7H0DNE6_DNLI_MONPV,DDRMYNMNDKQI
sp_A0A7H0DNE6_DNLI_MONPV,IIFKQSQEDMLQDL
sp_A0A7H0DNE6_DNLI_MONPV,FFKENTEIRPRDKSILTLEEVDSFLTTLSSVTKESHQIK
sp_A0A7H0DNE6_DNLI_MONPV,IASVCTCNDLKCVVMLIDKD
sp_A0A7H0DNE6_DNLI_MONPV,DVFRKSNNLKEIIENAAKQNLDSISISVMTPINPMLAESCDSVNKA
sp_A0A7H0DNE6_DNLI_MONPV,QVHKKNNEFAFFSRNMKPVLSH
sp_A0A7H0DNE6_DNLI_MONPV,KATSIVLDSEIVLVDEHN
sp_A0A7H0DNE6_DNLI_MONPV,KKEYKNSNMCLF
sp_A0A7H0DNE6_DNLI_MONPV,FSELTNISNESQLTDVLDDALTRK
sp_A0A7H0DNE6_DNLI_MONPV,GL
sp_A0A7H0DNE6_DNLI_MONPV,LNEGSMADSADLV
sp_A0A7H0DNE6_DNLI_MONPV,GKGGKGGIMAVFLMGCYDDESGKWKTVTKCSGHDDNTLRVLQDQLTMVKINKD
sp_A0A7H0DNE6_DNLI_MONPV,KQSQIWEISGAEFTSSKSHTANG
sp_A0A7H0DNE6_DNLI_MONPV,DKTWKESTHLNDLVNLTKSLN
sp_A0A7H0DNE7_PG181_MONPV,IVYCLNALVKHGEEINHIKND
sp_A0A7H0DNE7_PG181_MONPV,ERVCEKVKNVHIGGQSKNNTVIA
sp_A0A7H0DNE7_PG181_MONPV,PYLDNAVSDVCKSIYKKNVSRISRFANLIKIDD
sp_A0A7H0DNE7_PG181_MONPV,SIGKDKDVCELLISSDKACACIKL
sp_A0A7H0DNE7_PG181_MONPV,MDVSFFTKGNASLIILLFDFSID
sp_A0A7H0DNE7_PG181_MONPV,LLRSVTDNNVIISRHQRLHDELPSSNWFKFYISIKSDYCSILYMVVDGSMMYAIADNRTHAIISKNILDNTTINDECRCCYSEPQ
sp_A0A7H0DNE7_PG181_MONPV,LDRDEMLNGSSCYMNRHCIMMNLPDVGEFGSSMLGKYEPDMIKIALSVAGN
sp_A0A7H0DNE7_PG181_MONPV,VYG
sp_A0A7H0DNF1_PG189_MONPV,KKEILD
sp_A0A7H0DNF1_PG189_MONPV,ITRLCSNSSNSSTSHIIQ
sp_A0A7H0DNF1_PG189_MONPV,KTIVDFLSRWPNLFHILEYGENIL
sp_A0A7H0DNF1_PG189_MONPV,IDAANTNIMIFFLDRVLNINKNRGSFIHNLGLSSINIKEYVYQLVNNDHLDNS
sp_A0A7H0DNF1_PG189_MONPV,RTRHFLSYILDTVNIYIS
sp_A0A7H0DNF1_PG189_MONPV,YIDAEDSYGCTLLHRCIYNYKKSESESYNELIKILLNNGSDVDKKDTYGNTPFILLCKHDIDNA
sp_A0A7H0DNF1_PG189_MONPV,ICLENANIDSVD
sp_A0A7H0DNF1_PG189_MONPV,HYVSCRNKYD
sp_A0A7H0DNF1_PG189_MONPV,LISKGANVNARNRFGT
sp_A0A7H0DNF1_PG189_MONPV,CGIIHGISL
sp_A0A7H0DNF1_PG189_MONPV,LYLESDTELEIDNE
sp_A0A7H0DNF1_PG189_MONPV,VESLDYLLSRGVIDINYRTIYNETSIYDAVSYNAYNTLVYLLNRNGDFETITTSGCTCISEAVANNNKIIMDILLSKRPSLKIMIPSMIAITKHKQHNADLLKMCIKYTACMTDYDTLIDVQSLHQYKW
sp_A0A7H0DNF1_PG189_MONPV,YIKNKTVFQLV
sp_A0A7H0DNF1_PG189_MONPV,CIKDINTLMRYGRH
sp_A0A7H0DNF1_PG189_MONPV,ILDVYGSCVR
sp_A0A7H0DNF1_PG189_MONPV,RLISLLSKKLDAGDKWSCFP
sp_A0A7H0DNF1_PG189_MONPV,LENFNDNELTTY
sp_A0A7H0DNF5_PG193_MONPV,FINSIHAKITSYKFESVNFDSKIEWTGDGLYNISLKNYGIKTWQTMYTNVPEGTYDISG
sp_A0A7H0DNF5_PG193_MONPV,VKFEQGDYKVEEYCTGLCVEV
sp_A0A7H0DNF5_PG193_MONPV,IG
sp_A0A7H0DNF5_PG193_MONPV,LTEYDDH
sp_A0A7H0DNF5_PG193_MONPV,TRGSKKIPIYKRG
sp_A0A7H0DNF5_PG193_MONPV,NFTFGDSEEPVTYDIDDYDCTSTGCSIDFATTEKVCVTAQGATEGFLEKITPWSSEVCLTPKKNVYTCAIRSKEDVPNF
sp_A0A7H0DNF5_PG193_MONPV,KFNKQSQSYLTKFLGSTSNDVTTFL
sp_A0A7H0DNF6_PG195_MONPV,IIVLLFPSIIYSMSIRRCEKTEEETWGLKI
sp_A0A7H0DNF6_PG195_MONPV,DFYPERTDCSVHRPTASGGLITEGNGFRVVIYDQCTEPHDFIITDTQQTRLGSSHTYIKFSNMNTGVPSSIPKCSRTLCISVYCDQEAGDIKFEEYTQESSDISIRVKYDSSCIDYLGINQSFMNECIRRITTWDRESCVRIDTQTINKYLKSCTNTKFD
sp_A0A7H0DNF6_PG195_MONPV,ILKSKALHAK
sp_A0A7H0DNF7_PG197_MONPV,PIVLLLTTNMDSDTDTDTDTDTDTDTDTDVE
sp_A0A7H0DNF7_PG197_MONPV,NVEIENNKNINKNHPSE
sp_A0A7H0DNF7_PG197_MONPV,VINTSSNSDSIDK
sp_A0A7H0DNF7_PG197_MONPV,EYISHD
sp_A0A7H0DNF9_SPI2_MONPV,REIASSMKGKNVFISPASISSVLTILYYGANGSTAEQLSKYVEKEENMDKVSAQNISFKSMNKVYGRYSAV
sp_A0A7H0DNF9_SPI2_MONPV,DKFQTVDFTDCRTIDA
sp_A0A7H0DNF9_SPI2_MONPV,NKCVDIFTEGK
sp_A0A7H0DNF9_SPI2_MONPV,NPLLDEPLSPDTCLLA
sp_A0A7H0DNF9_SPI2_MONPV,PTEMVDVSMMSIYGEPFNHASVKESFGN
sp_A0A7H0DNF9_SPI2_MONPV,VGDTSMMVILP
sp_A0A7H0DNF9_SPI2_MONPV,IDGLESIEQNLTDTNFKKWCNSLKAT
sp_A0A7H0DNF9_SPI2_MONPV,YNLVDT
sp_A0A7H0DNF9_SPI2_MONPV,TDVFYSTGDYINMCNSDVSVDAMIHKTYIDVNEEYTEAAAATSVLVADCASTVTNEFCA
sp_A0A7H0DNF9_SPI2_MONPV,CS
sp_A0A7H0DNG1_IL1BP_MONPV,YFASFMELENE
sp_A0A7H0DNG1_IL1BP_MONPV,PQINTLSSGYNILDILWEKRGADNDRIIQIDNGSNMLILNPTQSDSGIYIYITTNETYCDMMSLNLTIVSVSESNIDLISYPQIVNERSTGKMVCPNINAFISSNVNTELYGADIDALEIRDLNNGHLE
sp_A0A7H0DNG4_SPI1_MONPV,ELILKHTDENVLISPVSILSTLSILNHGAAGSTAEQLSKYIENMNENTPDDKKDDNNDMD
sp_A0A7H0DNG4_SPI1_MONPV,TANKIYGSDS
sp_A0A7H0DNG4_SPI1_MONPV,FQTVNFNNANQTKELINEWVKTMTNGKINSLLTSPLSINTRMIVISA
sp_A0A7H0DNG4_SPI1_MONPV,NIVTSVDMMVGTENDLQYV
sp_A0A7H0DNG4_SPI1_MONPV,YEGNSSMVIIL
sp_A0A7H0DNG4_SPI1_MONPV,EKNITD
sp_A0A7H0DNG4_SPI1_MONPV,KWCGMLSTKSID
sp_A0A7H0DNG4_SPI1_MONPV,ADFSKMCNETIT
sp_A0A7H0DNG4_SPI1_MONPV,NEEYTEVSAVTGVFMTNFSMVYR
sp_A0A7H0DNG4_SPI1_MONPV,DNTGHT
sp_A0A7H0DNG9_PG015_MONPV,DFMAVDEQFHDDLDLWSLSLVDDYKKHGLG
sp_A0A7H0DNG9_PG015_MONPV,KDIISALVSKNYMEDIFSIIIKNCNSVQDLLLYYLSNAYVEIDIVDLMVDHGAVIYKIEC
sp_A0A7H0DNG9_PG015_MONPV,RGICKKESSVVEFILNCGIPDENDVKL
sp_A0A7H0DNG9_PG015_MONPV,IEDINQLDAGGR
sp_A0A7H0DNG9_PG015_MONPV,DLVSWLLENGANVNAVMSNGYTCLDVAVDRGSVIARREAHLKI
sp_A0A7H0DNG9_PG015_MONPV,PLSIDC
sp_A0A7H0DNG9_PG015_MONPV,LAILNNTIENHDV
sp_A0A7H0DNG9_PG015_MONPV,IKYFMMVDYSLCNVYASSLFDY
sp_A0A7H0DNG9_PG015_MONPV,IRQMKIHNTTMYELIYNRDKNKHASHILHRYSKHPVLTQCITKGFKIYTEVTEQVTKALNRRALIDEIINNVSTDDNLLSKLPLEIRDLIVSQ
sp_A0A7H0DNH0_PG003_MONPV,RIVNDSMWYVPNAFMDDGDNEGHISVNNVCHM
sp_A0A7H0DNH0_PG003_MONPV,LKCGNSPLHCYTMNTRFN
sp_A0A7H0DNH0_PG003_MONPV,HGMRNFDSKD
sp_A0A7H0DNH0_PG003_MONPV,IHSLSIDN
sp_A0A7H0DNH0_PG003_MONPV,IDDFSKSSDL
sp_A0A7H0DNH0_PG003_MONPV,GSDPNCVDEDGLTS
sp_A0A7H0DNH0_PG003_MONPV,HYYCKHISAFHESNYYKSKSHTKMR
sp_A0A7H0DNH0_PG003_MONPV,DHGANINAVTKIGNT
sp_A0A7H0DNH0_PG003_MONPV,HTYLQQYTKH
sp_A0A7H0DNH0_PG003_MONPV,ALLSRGADTRIRNNLDCT
sp_A0A7H0DNH0_PG003_MONPV,EYIKNDCATG
sp_A0A7H0DNH0_PG003_MONPV,HNQGYGSRSL
sp_A0A7H0DNH0_PG003_MONPV,YYNTMTPLHTAFQNCNNNVAS
sp_A0A7H0DNH0_PG003_MONPV,IIY
sp_A0A7H0DNH0_PG003_MONPV,LK
sp_A0A7H0DNH0_PG003_MONPV,KSLFYKMS
sp_A0A7H0DNH0_PG003_MONPV,SFAELHTKFCLNEDYKSVFMKNISFD
sp_A0A7H0DNH0_PG003_MONPV,IEKCSRDIS
sp_A0A7H0DNH0_PG003_MONPV,RISDTDLYT
sp_A0A7H0DNH0_PG003_MONPV,EAIHSD
sp_A0A7H0DNH0_PG003_MONPV,IEQCHLSMEHKSKLVDKALNKLESTIDSQSRL
sp_A0A7H0DNH0_PG003_MONPV,ITKLSDYHLNSMLYGKNHYK
sp_M1KJ27_PG129_MONPV,VNSDVFLTSNAGLKSSYTNQTLSLVDEDHIHTSDKSLSCSVCNSLSQIVDD
sp_M1KJ27_PG129_MONPV,RTKPKRTGNDQSQQPIKKDCMVSIDEVASTHDWSTRLRNDGNAIAKYLTTNKYDTSNFTIQDMLNIMNKLNIVRTNRNELFQLLSHVKSTLNNASVSVKCTHPLVL
sp_M1KJ27_PG129_MONPV,HSR
sp_M1KJ27_PG129_MONPV,SPSNHHILLSTTRFQSMHFTDMSSSQD
sp_M1KJ27_PG129_MONPV,YVH
sp_M1KJ27_PG129_MONPV,YNYMLLVNRLTEDNPIVITGVSDLISTEIQRANIHTMIRKAIMN
sp_M1KJ27_PG129_MONPV,RMG
sp_M1KJ27_PG129_MONPV,FYCND
sp_M1KJ27_PG129_MONPV,HTGCSQVMTDEEQILASI
sp_M1KJ27_PG129_MONPV,SVARPMNGISYDMKL
sp_M1KJ27_PG129_MONPV,NPMKMITTSDSPISINSKDIYSMAFDGNSG
sp_M1KJ27_PG129_MONPV,YGRCSGVTHIDPLGTNVMGSAVHSPVI
sp_M1KJ27_PG129_MONPV,QNKNMFGGE
sp_M1KJ27_PG129_MONPV,PIDVS
sp_M1KJ27_PG129_MONPV,YRLKSAVC
sp_M1KJ27_PG129_MONPV,FDCGSSDIFL
sp_M1KJ27_PG129_MONPV,TI
sp_M1KJ27_PG129_MONPV,YKKLSMDSDDG
sp_M1KJ27_PG129_MONPV,YEWLNGDGSVFAASKQQMLMNHVANFDDDLLTMEEAMSMISRH
sp_M1KJ27_PG129_MONPV,DYDQYISARHI
sp_M1L4Z5_PG078_MONPV,YAAIFGVFMGSQEDDLTDFIEIVKSVLSDEKTVTSTNNTGCWGW
sp_M1L4Z5_PG078_MONPV,YL
sp_M1L511_VP8_MONPV,ENLIEEDTIFFAGSISEYDDLQMVIAGAKSKFPRSMLSIFNIVPRTMSKYELELIHNENITGA
sp_M1L511_VP8_MONPV,FTTMYNIRNNLGLGDDKLT
sp_M1L511_VP8_MONPV,LDP
sp_M1L511_VP8_MONPV,NEVMPLIINNTDMTTV
sp_M1L511_VP8_MONPV,RRKNKNMVIFRQGSSPI
sp_M1L511_VP8_MONPV,NIYKENMESVSTEYTPIGDNKALISKYAGINILNVYSPSTSMRLN
sp_M1L511_VP8_MONPV,FTNKNKLEKLSTNKELESYSSSPLQ
sp_M1L511_VP8_MONPV,IPLTDI
sp_M1L514_RP22_MONPV,NVKYLAK
sp_M1L514_RP22_MONPV,CLKTEIARDPYAVINRNVLLRYTTDIEYNDLVTLITVRHKIDSMKTVFQVFNESSINYTPVDDDYG
sp_M1L514_RP22_MONPV,SYLQKGHNKFP
sp_M1L514_RP22_MONPV,PSFVRLDTTETNIVNSVLQTGDGK
sp_M1L514_RP22_MONPV,FFRNNMVTGVEIADRSVIS
sp_M1L535_PG128_MONPV,EKYNIVLNPPKRCSSTCSDNLTTILSEDGTNIIRA
sp_M1L535_PG128_MONPV,YSQPKKLKILQDFLTTSRNKMFLYKILDDEIR
sp_M1L9M0_PG082_MONPV,VKQVASKSLKPTKKLSPLDEVISLNECIISFNLDNFYYCNDGLFTKPINTPEDVLKSLLIMESFAY
sp_M1L9M0_PG082_MONPV,WLTGVDDDPETHVVIKIIFNSSLISIKSQVIEYLKPYNVNNLSVLTTEKELSINTFNVPDS
sp_M1L9M0_PG082_MONPV,PISI
sp_M1L9M0_PG082_MONPV,PF
sp_M1L9M0_PG082_MONPV,VYNDSYCGISYISP
sp_M1L9M0_PG082_MONPV,VLEINMLSDEIGRTSSIRIFNSTSVKKFPTNTLTSICEIVYSFDESSFTTPKTFTPLNASPYIPKKIVSLLDLPSNVEIKAISRSGVDFITHINNKRLTTILVIAKDNFLKNSTFSGTFIK
sp_M1L9M0_PG082_MONPV,IIKSS
sp_M1L9M0_PG082_MONPV,TIKSVTNKKKICKKHCFVNSQYTTRTLS
sp_M1L9M3_PG087_MONPV,DLILFNLSKFLLTEDEESLEIVSSLCRGFEISYDD
sp_M1L9M3_PG087_MONPV,KYISKVFEHVDLSEELSMEFHDTT
sp_M1L9M3_PG087_MONPV,YKLGDNLKGI
sp_M1L9M3_PG087_MONPV,VIKDRNIYIREANDDL
sp_M1L9M3_PG087_MONPV,PQIYTYSNERVPIAGSKLILCGFSQVTFMAYTTSHITTNKKVDVLVSKKCIDE
sp_M1L9M3_PG087_MONPV,DP
sp_M1L9M3_PG087_MONPV,YQILQNLFDKGSGTI
sp_M1L9M3_PG087_MONPV,IFYSVTGG
sp_M1LBQ5_PG115_MONPV,IVKDNKYPKVDNDDN
sp_M1LBQ5_PG115_MONPV,ND
sp_M1LBQ5_PG115_MONPV,FF
sp_M1LBQ5_PG115_MONPV,PDTYGSLCVELNGSSFQHGG
sp_M1LBQ5_PG115_MONPV,IDAGRQVRWCSTSNHISEDIH
sp_M1LBQ5_PG115_MONPV,SLGDDSY
sp_M1LBQ5_PG115_MONPV,YYRNSVARQMVNDMIFNQDS
sp_M1LBQ5_PG115_MONPV,RSHYRVSKHITIVRYKDTEELNL
sp_M1LBQ5_PG115_MONPV,WFNGVSENEKVLDTYKKVS
tr_M1LKP0_M1LKP0_MONPV,CTLIKNMRMTLSD
tr_M1LKP0_M1LKP0_MONPV,QPVNNVEDVKRMIAISAKVA
tr_M1LKP0_M1LKP0_MONPV,EIRWE
tr_M1LKP0_M1LKP0_MONPV,DLMTDL
sp_M1LL58_PG081_MONPV,TVLTAICITVLMLLMVISGTAMIVKELNPNDIFTMQSLKFNRTVTIFKY
sp_M1LL58_PG081_MONPV,ILYATYVKSLL
sp_M1LL92_UNG_MONPV,ISHAPYTITYHDDWEPVMSQLVEFYNEVASWLLRDETS
sp_M1LL92_UNG_MONPV,KRVCVCG
sp_M1LL92_UNG_MONPV,PNFTKKSIKEIASSISRLTGVIDYKGYNLNII
sp_M1LL92_UNG_MONPV,YLSCKLGETKSHAIYW
sp_M1LL92_UNG_MONPV,LQHITKHVSVLYCLGKTDFSNIRAKLESPVTTIVGYHPAARDHQFEKDRSFEIINVLLELDNKTPINWAQ
sp_M1LLA2_VLTF2_MONPV,VSLPDVVISAPK
sp_M1LLA2_VLTF2_MONPV,FKPAKEEALAC
sp_M1LLA2_VLTF2_MONPV,PKYYKSMADMSIKTNSVIDKCWFCNQDLVFRPISIETFKGGEVGYFCSKICRDSLASMVKSHVALREEPKI
sp_M1LLA2_VLTF2_MONPV,LL
sp_M1LLA2_VLTF2_MONPV,VFYEDKEKVINTINLLRDKDGVYGSCYFKENSQIIDISLR
tr_O57102_O57102_MONPV,LYSYILFLSCIIINGRDIAPHAPSNGKCKDNEYRSRNLCCL
tr_O57102_O57102_MONPV,TYASRLCDSKTNTQCTPCGSDTFTSHNNHLQACLSCNGRCDSNQVETRSCNTTHNRICECSPGYYCLLKGASGCRTCISKTKCGIGYGVSGYTSTGDVICSP
tr_O57102_O57102_MONPV,GPGTYSHTVSSTDKCEPVVTSNTFNYIDV
tr_O57102_O57102_MONPV,LYPVNDTSCTRTTTTGLSESISTSELTITMNHKDC
tr_O57102_O57102_MONPV,FSVLNNVATSGFFTGENRYQNTSKICTLNFEIKCNNKDSSSKQLTKTKNDTIMPHSETVTLVGDCLSSVDIYILYSNTNTQDYENDTISYHMGNVLDVNSHMPASCDIHKLITNSQNP
sp_P0DTM9_PG001_MONPV,IVLACMCLVAAAMPTSLQQSSSSCTEEENKHHMGIDVIIKVTKQDQTPTNDKICQSVTEVTETEDDEVSEEVVKGDPTTYYTIVGAGLNMNFGFTKCPKISSISESSDGNTVNTRLSSVSPGQGKDSPAITREEALAMIKDCEMSIDIRCSEEEKDSDIKTHPVLGSNISHKKVSYKDIIGSTIVDTKCVKNLEFSVRIGDMCEESSELEVKDGFKYVDGSASEGATDDTSLIDSTKL
sp_P0DTN2_PG190_MONPV,SVVTLL
sp_P0DTN2_PG190_MONPV,VYSTCTVPTMNNAKLTSTETSFNDKQKVTFTCDSGYHSLDPNAVCETDKWKYENPCKKMCTVSDYVSEL
sp_P0DTN2_PG190_MONPV,LYEVNSTMTLSCNGETKYFRCEEKNGNTSWNDTVTCPNAECQPLQLEHGSCQPVKEKYSFGEYMTINCDVGYEVIGVSYISCTANSWNVIPSCQQKCDIPSLSNGLISGSTFSIGGVIHLSCKSGFTLTGSPSSTCIDGKW
sp_P0DTN2_PG190_MONPV,PTCVRSNEEFDPVDDGPDDETDLSKLSKDVVQYEQEIESLEATYHIIIMALTIMGVIFLISIIVLVCSCDKNNDQYKFH
tr_Q5IXU7_Q5IXU7_MONPV,IKIDKLRQIVAYFSEFSEEVSINVDSTDELMYIFAALGGSVNIWAIIPLSASVFYRGAENIVFNLPVSKVKSCLCSFHNDAIIDIEPDLENNLVKLSSYHVVSVDCNKELMPIRTDTTICLSIDQKKSYVFNFHKYEEKCCGRTVIHLEW
tr_Q5IXU7_Q5IXU7_MONPV,KCISQHQHLAIMFKDDNIIMKTPGNTDAFSREYSMTECSQELQKFSFKIAISS
tr_Q5IXU7_Q5IXU7_MONPV,NVFETRIVMDNDDNILGMLFSDRVQSFKINIFM
tr_Q5IXV4_Q5IXV4_MONPV,LYLILF
tr_Q5IXV4_Q5IXV4_MONPV,FTYYPTNKLQAAVMETDRENAIIRQRNEEIPTRTLDTAIFTDASTVSSAQIHLYYNSNIGKIIMSLNGKKHTFNLYDDNDIRTLLPIL
tr_Q5IXV7_Q5IXV7_MONPV,TDLVISK
tr_Q5IXV7_Q5IXV7_MONPV,NLLCHIYSLAGLCSNIDVSKFLTNCNGYVVEKYDKSTTAGKVSCIPIGMMLELVESGHLSRPNSSDELDQKKELTDELTTRYHSIYD
tr_Q5IXV7_Q5IXV7_MONPV,VSKAIDFSQMDLKIDDLSRKGIHTGENP
tr_Q5IXV7_Q5IXV7_MONPV,VVK
tr_Q5IXV7_Q5IXV7_MONPV,KIEPERGAWMSNRSIKNLVSQFAYGSEVDYI
tr_Q5IXV7_Q5IXV7_MONPV,MRFLNSLAIHEKFDAFMNKHILSY
tr_Q5IXV7_Q5IXV7_MONPV,KDKIKSSTSRFVM
tr_Q5IXV7_Q5IXV7_MONPV,KCVIYDKKQCLVSFYDSGGNIPTEFHHY
tr_Q5IXV7_Q5IXV7_MONPV,DGFNTNHRHSVLDNTNCDI
tr_Q5IXV7_Q5IXV7_MONPV,GAKIGCINVEVNQLLESECGMFISLFMILC
tr_Q5IXV7_Q5IXV7_MONPV,TPPKS
tr_Q5IXV7_Q5IXV7_MONPV,KS
tr_Q5IXV7_Q5IXV7_MONPV,TLFKSILFNLQDLSLYITET
tr_Q5IXV7_Q5IXV7_MONPV,EKWTKKSINVICDKLTTKLNRIVD
sp_Q8BEJ6_HEMA_MONPV,ILLL
sp_Q8BEJ6_HEMA_MONPV,TPSPQTSKKIGDDATISCSRNNTNYYVVMSAWYKEPNSIILLAAKS
sp_Q8BEJ6_HEMA_MONPV,YTKDKISYDSPYDDLVTTITIKSLTAGDAGTYI
sp_Q8BEJ6_HEMA_MONPV,AFFMTSTTNDTDKVDY
sp_Q8BEJ6_HEMA_MONPV,LIVNTDSESTIDIILSGSTPETISEKPEDIDNSNCSSVFEI
sp_Q8BEJ6_HEMA_MONPV,TDNVDDHTDTVTYTSDSINTVNASSGESTTDE
sp_Q8BEJ6_HEMA_MONPV,DKEEDHTVTDTVSYTTVSTSSGIVTTKSTTDDADLYDTYNDNDTVPPTTVGGSTTSISNYKTKDF
sp_Q8BEJ6_HEMA_MONPV,ITTLIILSAV
sp_Q8BEJ6_HEMA_MONPV,RKYKTE
tr_Q90188_Q90188_MONPV,LFPGDDDL
tr_Q90188_Q90188_MONPV,FFSTKAAKNPETKREAIVKAYGDDNEETLKQRLTNLEKKITNITTKFEQIEKCCKRNDE
tr_Q90188_Q90188_MONPV,FRLENHAETLRAAMISLAKKIDVQTGRH
tr_A0A650BUF7_A0A650BUF7_MONPV,YPLC
tr_A0A650BUF7_A0A650BUF7_MONPV,NGYIDNAIGTNSIVK
tr_A0A650BUF7_A0A650BUF7_MONPV,RSCIIDMHDLSGFRDELLSKLQS
sp_A0A7H0DMZ6_VGF_MONPV,YLMLLFAAMIIRSLADSGNAIETTSPEITNATTDIPAIRLCGPEGDGYCLHGDCIHARDIDGMYCRCSHGYTGIRCQHVVLVDYQRSGKPDTTTSYIPSLGIVLVLVGIIITCCLLSV
sp_A0A7H0DMZ6_VGF_MONPV,MFTRR
sp_A0A7H0DMZ6_VGF_MONPV,KLPIQDMVVL
sp_A0A7H0DMZ9_PG023_MONPV,LENEE
sp_A0A7H0DMZ9_PG023_MONPV,PNDTRNQFKNNAL
sp_A0A7H0DMZ9_PG023_MONPV,LFNEHCNNVE
sp_A0A7H0DMZ9_PG023_MONPV,LDSGTNPLHK
sp_A0A7H0DMZ9_PG023_MONPV,YTNSRHVKVNKDIAMALLEATGYSNINDFNIFSYMKSKNVDV
sp_A0A7H0DMZ9_PG023_MONPV,GFDLSVKCENHRSVIENYVMT
sp_A0A7H0DMZ9_PG023_MONPV,ENGCSVLYE
sp_A0A7H0DMZ9_PG023_MONPV,GTV
sp_A0A7H0DMZ9_PG023_MONPV,HLYSESD
sp_A0A7H0DMZ9_PG023_MONPV,NHGIKPSSIDKN
sp_A0A7H0DMZ9_PG023_MONPV,CTA
sp_A0A7H0DMZ9_PG023_MONPV,YYIKSSHIDI
sp_A0A7H0DMZ9_PG023_MONPV,GIDNTAYSYIDDLTCCTRGIMADYLNSDYRYNKD
sp_A0A7H0DMZ9_PG023_MONPV,PY
sp_A0A7H0DMZ9_PG023_MONPV,WRNDKETISLILKTMNSDVLQ
sp_A0A7H0DMZ9_PG023_MONPV,MTFG
sp_A0A7H0DMZ9_PG023_MONPV,LEYGAVVNKE
sp_A0A7H0DMZ9_PG023_MONPV,GGDAVNHLDD
sp_A0A7H0DMZ9_PG023_MONPV,CESNYG
sp_A0A7H0DMZ9_PG023_MONPV,YKKGLCDMS
sp_A0A7H0DMZ9_PG023_MONPV,KDINMIDKRGETLLHKAVRYNKQSLVSLLLESGSDVNIRSNNGYTCITIAINESRNIE
sp_A0A7H0DMZ9_PG023_MONPV,LC
sp_A0A7H0DMZ9_PG023_MONPV,KPTLDCVIDSLSEVSNIVDNAYAI
sp_A0A7H0DMZ9_PG023_MONPV,IKYTMIIDDCTSSKIPESISQRYNDYIDLCNQELNEMKKIMVGGNTMFSLIFTE
sp_A0A7H0DMZ9_PG023_MONPV,YYESKQNKI
sp_A0A7H0DMZ9_PG023_MONPV,IVKHNKIHKTIIKSVDD
sp_A0A7H0DMZ9_PG023_MONPV,YKIF
sp_A0A7H0DN04_PG030_MONPV,IMDMNRLNLDKLKHENIFSDNIIEDAKEFIFGSRKIYTDSVDDLI
sp_A0A7H0DN04_PG030_MONPV,SLAKYLNNQTLKDVVIERMDYV
sp_A0A7H0DN04_PG030_MONPV,KYIGKDNWSTIYSFYKENGLRNSFLRQYINNNIEEICSTDQFLKLDVDSVCDILDNDEIVVTREYT
sp_A0A7H0DN04_PG030_MONPV,NKRVNIDD
sp_A0A7H0DN04_PG030_MONPV,YSELTNA
sp_A0A7H0DN04_PG030_MONPV,YHKKLRV
sp_A0A7H0DN10_PG037_MONPV,LSLYAKYNSKNLDVFRN
sp_A0A7H0DN10_PG037_MONPV,LQV
sp_A0A7H0DN10_PG037_MONPV,NYHIL
sp_A0A7H0DN10_PG037_MONPV,YSPNETDDD
sp_A0A7H0DN10_PG037_MONPV,ASKINNNRIVAM
sp_A0A7H0DN10_PG037_MONPV,LVHGADPNACDKH
sp_A0A7H0DN10_PG037_MONPV,YYLSGTDDE
sp_A0A7H0DN10_PG037_MONPV,GAKINNSVDEEGCG
sp_A0A7H0DN10_PG037_MONPV,TDP
sp_A0A7H0DN10_PG037_MONPV,ER
sp_A0A7H0DN10_PG037_MONPV,FKKIMSIGF
sp_A0A7H0DN10_PG037_MONPV,GKNHIHRHLMSDNPKASTISWMMKLGIS
sp_A0A7H0DN10_PG037_MONPV,SKPDHDGNTP
sp_A0A7H0DN10_PG037_MONPV,CSK
sp_A0A7H0DN10_PG037_MONPV,LPSTDVNKQNKFGDSPLTLLIKTLSPAHLINKLISTSNVITDQTVNICIFYDRD
sp_A0A7H0DN10_PG037_MONPV,NDKGKQYDSTDFKMAVEVGSI
sp_A0A7H0DN10_PG037_MONPV,YAVLSEYETM
sp_A0A7H0DN10_PG037_MONPV,LFNHFSVDSIVNGHTCMSECVRLNNPVILSKLMLHNPTSETMYITMK
sp_A0A7H0DN10_PG037_MONPV,VF
sp_A0A7H0DN11_PG038_MONPV,VLLFCIASLGYSVEYKNTICPHRQ
sp_A0A7H0DN11_PG038_MONPV,TIGVNYDINSTIIGECHMSESYIDRNANIVLTGYGLKVNMTIMDTDQRFVAAAEGVGKDNKLSVLLFTTQRLDKVHHNISVTITCMEMNCGTTKYNSDLPESIHKSSSCDITINGSCVTCVNLETDPTK
sp_A0A7H0DN11_PG038_MONPV,KYLYHNSEYSMRGSYGVTFIDELNQCLLDIKELSYDI
sp_A0A7H0DN12_PG039_MONPV,RINTWKSKQLKSFLSSKDAFKADINGHSVLYYAIADNNVRLVCTLLNAGALKNLLDNEFPLHQAATLEDT
sp_A0A7H0DN12_PG039_MONPV,LFSGMDDSQFDDKGNTALYYAVDSGNMQTV
sp_A0A7H0DN12_PG039_MONPV,GKTGWKTSFYHAVMLNDVSIVSYFLSEIPSP
sp_A0A7H0DN12_PG039_MONPV,SCIHTTIKNGHVDMMILLLDYMTSTNTNSLLFI
sp_A0A7H0DN12_PG039_MONPV,AIDNKDIEM
sp_A0A7H0DN12_PG039_MONPV,DINIYSVNLENVLLDDAEI
sp_A0A7H0DN12_PG039_MONPV,IEKHVEYKSDSYTKDLDDVKNNKLDEIISKNEELRLMYVNCV
sp_A0A7H0DN16_PG043_MONPV,CMFNLDND
sp_A0A7H0DN16_PG043_MONPV,VFISHGAGEHSGRYDELAENISSLGILVFSHDHIGHGRSNGEKMMID
sp_A0A7H0DN16_PG043_MONPV,DVVQHVVTIKSTYP
sp_A0A7H0DN16_PG043_MONPV,LLGHSMGATISILAACDNPNLFTAMILMSPLVNADAVPR
sp_A0A7H0DN16_PG043_MONPV,AA
sp_A0A7H0DN16_PG043_MONPV,MGTITPNASVGKLCPESVSRDMDE
sp_A0A7H0DN16_PG043_MONPV,EKIK
sp_A0A7H0DN16_PG043_MONPV,GFASQVLKATNK
sp_A0A7H0DN16_PG043_MONPV,NTPTLILQGTNNEISDVSG
sp_A0A7H0DN16_PG043_MONPV,YYFMQHANCNRE
sp_A0A7H0DN16_PG043_MONPV,EGAKHHLHKETDE
sp_A0A7H0DN16_PG043_MONPV,KSVMKEIETWIF
sp_A0A7H0DN17_PG044_MONPV,SDYEDA
sp_A0A7H0DN17_PG044_MONPV,DEICSRDSIIDL
sp_A0A7H0DN17_PG044_MONPV,EYITWRNHVIVFNKDITSC
sp_A0A7H0DN17_PG044_MONPV,NEIVEAMSEGDHYINLTEVHDQESLFA
sp_A0A7H0DN17_PG044_MONPV,ITEHWGYKKISESKFQSLGNITDLMTDDNINILILFLE
sp_A0A7H0DN18_PG045_MONPV,FMYNN
sp_A0A7H0DN18_PG045_MONPV,STERDHVMMAVQYYMS
sp_A0A7H0DN18_PG045_MONPV,CDKVNNDYNSDMNIMCDMASTESFTVYDINNEVNTILMNNKGLGV
sp_A0A7H0DN18_PG045_MONPV,RR
sp_A0A7H0DN18_PG045_MONPV,DNAIHS
sp_A0A7H0DN18_PG045_MONPV,YKTLK
sp_A0A7H0DN20_PG047_MONPV,NTVYCK
sp_A0A7H0DN20_PG047_MONPV,KT
sp_A0A7H0DN20_PG047_MONPV,IIVNSTIL
sp_A0A7H0DN20_PG047_MONPV,YTKN
sp_A0A7H0DN20_PG047_MONPV,LDLDIHSLTSIVIYSYTG
sp_A0A7H0DN20_PG047_MONPV,VYIDSHNVVNL
sp_A0A7H0DN20_PG047_MONPV,RA
sp_A0A7H0DN20_PG047_MONPV,LTS
sp_A0A7H0DN20_PG047_MONPV,MMGIEYGLSNLLCHT
sp_A0A7H0DN20_PG047_MONPV,YLSMKLILESD
sp_A0A7H0DN20_PG047_MONPV,IR
sp_A0A7H0DN20_PG047_MONPV,MNMDQIIDIFHMCTSTHVGEV
sp_A0A7H0DN20_PG047_MONPV,GGWMNNEIHNNAIAVNYISN
sp_A0A7H0DN20_PG047_MONPV,AN
sp_A0A7H0DN20_PG047_MONPV,PTSVERWFHGDAAWVNMPSL
sp_A0A7H0DN20_PG047_MONPV,PAVASINNVIYVMGGHSETDTTTEYLLPNHDQ
sp_A0A7H0DN20_PG047_MONPV,EFYCESSNTWT
sp_A0A7H0DN20_PG047_MONPV,EVYNNRTYSWNIWD
sp_A0A7H0DN22_PG049_MONPV,GCIKYDVDDNVHICTHTVMSHINYTSWYYNDKVIALATEDKTSGYISSFIKRVNISLTCLNISSLRYEDSGTYKGVSHLKDGVIVTTTMNISVKANIIDL
sp_A0A7H0DN22_PG049_MONPV,LTRNYCEVKIRCEITSFALNGSTPPHMILGTV
sp_A0A7H0DN22_PG049_MONPV,SGNPYPTESLALEISSTFNRFTIVKNLNDDEFSCYLFSQNYSFHKTLNVRNICESEWEALNNNDNASSVPASHNNLTNDLSSMTSQLQNDDNDYSTPMNVDNLIMIVVITMLSIILV
sp_A0A7H0DN22_PG049_MONPV,KRSKYSRH
sp_A0A7H0DN25_PG052_MONPV,KRKHDS
sp_A0A7H0DN27_VPK2_MONPV,NDSSPEYQWMSPHRLSDTVILG
sp_A0A7H0DN27_VPK2_MONPV,LYFNNIMSQLDLHQNWA
sp_A0A7H0DN27_VPK2_MONPV,FKNFNKETLLK
sp_A0A7H0DN27_VPK2_MONPV,INSS
sp_A0A7H0DN27_VPK2_MONPV,FQQ
sp_A0A7H0DN27_VPK2_MONPV,HISTGG
sp_A0A7H0DN27_VPK2_MONPV,LYSPMETTAE
sp_A0A7H0DN27_VPK2_MONPV,YNNLKGDEKKLIVCAWAMGLNY
sp_A0A7H0DN27_VPK2_MONPV,LLLIQTMDGQELSLRYSS
sp_A0A7H0DN27_VPK2_MONPV,INSNINVINY
sp_A0A7H0DN27_VPK2_MONPV,KRTNYEYE
sp_A0A7H0DN27_VPK2_MONPV,YSADKVDTE
sp_A0A7H0DN27_VPK2_MONPV,LHA
sp_A0A7H0DN27_VPK2_MONPV,LFDSNEP
sp_A0A7H0DN27_VPK2_MONPV,ERIKSALNDFDFS
sp_A0A7H0DN27_VPK2_MONPV,NKKIKNNFKVE
sp_A0A7H0DN27_VPK2_MONPV,DIEFSTALEEFIMCTKTDC
sp_A0A7H0DN27_VPK2_MONPV,IFSDWIN
sp_A0A7H0DN29_PG056_MONPV,IQTLMKTANNY
sp_A0A7H0DN29_PG056_MONPV,ARNEEGRGILIYDDNIDSVMSMMNITIL
sp_A0A7H0DN29_PG056_MONPV,LTHCTKLRSS
sp_A0A7H0DN29_PG056_MONPV,EIDHE
sp_A0A7H0DN29_PG056_MONPV,YYS
sp_A0A7H0DN29_PG056_MONPV,RSHEQGDIALA
sp_A0A7H0DN29_PG056_MONPV,YGIENTDSISEINEWLSSKGL
sp_A0A7H0DN29_PG056_MONPV,RKFS
sp_A0A7H0DN29_PG056_MONPV,YTIVD
sp_A0A7H0DN29_PG056_MONPV,YIWIKN
sp_A0A7H0DN29_PG056_MONPV,ETY
sp_A0A7H0DN29_PG056_MONPV,IKCISRDELWARISSSLDQTHIKTIAVS
sp_A0A7H0DN29_PG056_MONPV,YGAIT
sp_A0A7H0DN29_PG056_MONPV,TYPGNTFVNFNSVKD
sp_A0A7H0DN29_PG056_MONPV,IKDIMTSTRTIILVGYMSNL
sp_A0A7H0DN29_PG056_MONPV,WPNNCGWKIYNNTLISSDGARVIWMDVYKFSCGLSLQDYCYHWGSKPE
sp_A0A7H0DN29_PG056_MONPV,KSDAKRNTKSLVKESMASLKSLYEAFETQSGALEVLMSPCRMFSFSRIEDMFLTSVINRVSENTGMGMYYPTND
sp_A0A7H0DN29_PG056_MONPV,FIESSICLDYIIVNNQESNKYRIKSVLDIISSKQ
sp_A0A7H0DN29_PG056_MONPV,NYVKNGTKG
sp_A0A7H0DN29_PG056_MONPV,VP
sp_A0A7H0DN29_PG056_MONPV,HDDDNTTTFITVLTSVDIETAIRAGYSIVELGALQWDDNIPEL
sp_A0A7H0DN29_PG056_MONPV,KIIYDLNAVTTNNLLEQLIENINFNNSSIISL
sp_A0A7H0DN29_PG056_MONPV,QFSYKELYVSSSCKDINESMSQM
sp_A0A7H0DN30_PG057_MONPV,VPAGA
sp_A0A7H0DN30_PG057_MONPV,CR
sp_A0A7H0DN30_PG057_MONPV,TLPENMDFRSDHLTTFECFNE
sp_A0A7H0DN30_PG057_MONPV,IAS
sp_A0A7H0DN30_PG057_MONPV,CCNPLSTTRGA
sp_A0A7H0DN30_PG057_MONPV,DKLKEVSEKGIK
sp_A0A7H0DN30_PG057_MONPV,KRNLGELQSHSPDINFITVNIDKKNNVGL
sp_A0A7H0DN30_PG057_MONPV,WVSDDERCYVGNASFTGGSIHTIKTLGVYSD
sp_A0A7H0DN30_PG057_MONPV,FKAFNSAKNSWLNLCSAACCLPVSTAYHIK
sp_A0A7H0DN30_PG057_MONPV,TDSPEHLLGYSRDLDTDVVIDKLKSAKTSIDIEHLAIVPTTRVDGN
sp_A0A7H0DN30_PG057_MONPV,NSIIEAAINRGV
sp_A0A7H0DN30_PG057_MONPV,LVGNWDKNDVYSMATARSLDALCVQNDLSVKVFTIQNNTKLLIVDDEYVHITSANFDGTHYQNHGFVSFNSIDKQLVSEAKKIFERDWVSSHSKSL
sp_A0A7H0DN35_PG062_MONPV,DVRTVECEGSKASCVLKVDKPSSPTCERRPSSPSRCERMNNPGKQVPFMRTDMLQNMFAANRDNVTSR
sp_A0A7H0DN36_PAP1_MONPV,PDQNTLPNI
sp_A0A7H0DN36_PAP1_MONPV,SVNEYHMLKLQARNIQKITVFNK
sp_A0A7H0DN36_PAP1_MONPV,DVDTSASEIKDRILSYFSKQTQTYNIGK
sp_A0A7H0DN36_PAP1_MONPV,IIELQSVLVTTYTDILGV
sp_A0A7H0DN36_PAP1_MONPV,KAPNVISSKISYNVTSMEELARDMLNSMNVAVIDKAKVMGRHNVSSLVKNVNKLMEEYLRRHNKSCICYGSYSLYLI
sp_A0A7H0DN36_PAP1_MONPV,DILQTNSRTFL
sp_A0A7H0DN36_PAP1_MONPV,ITGNNI
sp_A0A7H0DN36_PAP1_MONPV,MVIKDENDNHIIDS
sp_A0A7H0DN36_PAP1_MONPV,NIRQDTMNI
sp_A0A7H0DN36_PAP1_MONPV,LNMIKMFSQIDRLEDLSKDPEKFNVRMATMLEYVRYTHGIVFDGTRNNMPMKCIIDENNRIVTVTTKD
sp_A0A7H0DN36_PAP1_MONPV,LDENVLSSDILDLNADTSCDFESVTNSVYLIHDNIMYTYFSNTILLSDKGKVHEISAR
sp_A0A7H0DN36_PAP1_MONPV,ILLYQMLTSGEYKQCLSDLLNSMMNRDKIPIYSHTERDKKP
sp_A0A7H0DN36_PAP1_MONPV,FINIEKD
sp_A0A7H0DN38_PG065_MONPV,EVNKALYDLQRSAMVYSSNDTPPRWSTTMDADTRPTDSDADAI
sp_A0A7H0DN38_PG065_MONPV,SREKSMREDHKS
sp_A0A7H0DN38_PG065_MONPV,NEYCQITRRDWSFRIESVGPS
sp_A0A7H0DN38_PG065_MONPV,KADGKSKRDAKNNAAKLAVDKLLSYV
sp_A0A7H0DN41_PG068_MONPV,RRKYLIYTVENNIDFLKDDTLSKVNNFTLNHVLALKY
sp_A0A7H0DN41_PG068_MONPV,SNFPQHVITKDVLANTNFFVF
sp_A0A7H0DN41_PG068_MONPV,AV
sp_A0A7H0DN41_PG068_MONPV,ALTKNYLSFSNTIQSYKETVHKLTQD
sp_A0A7H0DN41_PG068_MONPV,EYMDELGEL
sp_A0A7H0DN41_PG068_MONPV,GVNYD
sp_A0A7H0DN41_PG068_MONPV,LSKKDTGIEFADNDRQDIYTLFQQTGRIVHSNLTET
sp_A0A7H0DN41_PG068_MONPV,SYWVWLNESIANDADIV
sp_A0A7H0DN41_PG068_MONPV,YDKI
sp_A0A7H0DN41_PG068_MONPV,KNMLK
sp_A0A7H0DN41_PG068_MONPV,IIDAKNDD
sp_A0A7H0DN41_PG068_MONPV,FINGNTFISDRTFN
sp_A0A7H0DN41_PG068_MONPV,ERIMSLFYTSAADIKRF
sp_A0A7H0DN41_PG068_MONPV,DINNSYISNIIYEVNDITLDTMDDMKKCQIFNED
sp_A0A7H0DN41_PG068_MONPV,TYLFLHESDPMVIENGILKKLSSIKSKSRRLNLFSKNIL
sp_A0A7H0DN41_PG068_MONPV,LVLDDYKGDL
sp_A0A7H0DN41_PG068_MONPV,VKMINHLKSVEDVSAFVRFSTDKNPSI
sp_A0A7H0DN41_PG068_MONPV,TILASYNIS
sp_A0A7H0DN41_PG068_MONPV,DKSIHLTKT
sp_A0A7H0DN43_PG070_MONPV,TFFSRGLSRPLMK
sp_A0A7H0DN43_PG070_MONPV,TYL
sp_A0A7H0DN43_PG070_MONPV,IWSSRYANLDA
sp_A0A7H0DN43_PG070_MONPV,EKVNTEFIANGSFSGR
sp_A0A7H0DN43_PG070_MONPV,EFISF
sp_A0A7H0DN43_PG070_MONPV,TDNTKHLA
sp_A0A7H0DN43_PG070_MONPV,HQTGD
sp_A0A7H0DN43_PG070_MONPV,DHPNLSRARSPSDYETLA
sp_A0A7H0DN43_PG070_MONPV,EYLMDKLNLTKSDV
sp_A0A7H0DN45_PG072_MONPV,WGRAVWTIIFIVLSQAGLDGNIEACKRKLYTI
sp_A0A7H0DN45_PG072_MONPV,ACRRHATIAIEDNNVMSSDDL
sp_A0A7H0DN45_PG072_MONPV,IDVSK
sp_A0A7H0DN47_PG074_MONPV,FARKALSKLISKKLNIEKVSSKHQLV
sp_A0A7H0DN47_PG074_MONPV,LYLEAINSDIL
sp_A0A7H0DN47_PG074_MONPV,NVTDIVKALQNSCRVDEYLKAVSLYHKNSLMVSGPNVVKLMIEYNLLTHSDLEWLINENVVKAT
sp_A0A7H0DN47_PG074_MONPV,LLKINAYMINFKIDLTVDEIID
sp_A0A7H0DN47_PG074_MONPV,TLHLYNILNNIDLD
sp_A0A7H0DN47_PG074_MONPV,RISDE
sp_A0A7H0DN47_PG074_MONPV,ILSKLTNEEMCIKLV
sp_A0A7H0DN47_PG074_MONPV,KYPMDNVINFINQDVRYSP
sp_A0A7H0DN47_PG074_MONPV,TIKDFVNEHLPTMYDGLNDYLHSVIID
sp_A0A7H0DN47_PG074_MONPV,EYKIKSVAMFNLEYKTDIDTLTLD
sp_A0A7H0DN47_PG074_MONPV,RRQITMQSG
sp_A0A7H0DN47_PG074_MONPV,PMSLRSTIIKKDTDSLEDILSHIDNAKKNSKVSIEDVERIISSFRLNPCVVRRTMLSDIDIKTKIMVLKIAKDWKSCTLTLSVKGIMVTDTINTVLSKILHHHRNIF
sp_A0A7H0DN47_PG074_MONPV,YLTSVENKEIAVCNCSRC
sp_A0A7H0DN47_PG074_MONPV,SVRCDLRTDDGLL
sp_A0A7H0DN47_PG074_MONPV,LHGKINQNLIGQR
sp_A0A7H0DN47_PG074_MONPV,NKKKKLNNLMEYIKISDMLVYG
sp_A0A7H0DN47_PG074_MONPV,PITDSLSFKLFVDTMSVLNDQYAK
sp_A0A7H0DN47_PG074_MONPV,LDNYTNVKHFVSKVLHTVMEACGV
sp_A0A7H0DN47_PG074_MONPV,FSHIKVNDK
sp_A0A7H0DN47_PG074_MONPV,EYELEEMVDK
sp_A0A7H0DN47_PG074_MONPV,PSYLYHLSINVISIILDDIN
sp_A0A7H0DN49_PG077_MONPV,EDQLVFNSISARALKAYFTAKINEMVDELVTRKCPQKKKSQAKKPE
sp_A0A7H0DN49_PG077_MONPV,KSSFVKKFGLCNYGG
sp_A0A7H0DN49_PG077_MONPV,ISLINSLVENNFFTKNGKLDDTGKKELVLTDVEKRILNTIDKSSPLYIDISDV
sp_A0A7H0DN49_PG077_MONPV,ARLKRSATQFNFNGHTYHLENDKIEDLINQLVKDESIQLDEKSSIKDSMYVIPD
sp_A0A7H0DN49_PG077_MONPV,FRSPQVKDNIISRTRL
sp_A0A7H0DN49_PG077_MONPV,TRVTKRDESSIYVILK
sp_A0A7H0DN49_PG077_MONPV,RIASILSLETVKMGAFMYTKHSMLTNAISSRVDRYSKKFQESFY
sp_A0A7H0DN49_PG077_MONPV,EFVKENERVNVSRVVECLTVPNITISS
sp_A0A7H0DN52_RIR1_MONPV,RNGYKENVMFDK
sp_A0A7H0DN52_RIR1_MONPV,RKL
sp_A0A7H0DN52_RIR1_MONPV,YGLNTDHI
sp_A0A7H0DN52_RIR1_MONPV,IQGIYNGVTTVELDTLAAEIAATCTTQHPD
sp_A0A7H0DN52_RIR1_MONPV,ISNLHKETKKLFSEVMED
sp_A0A7H0DN52_RIR1_MONPV,VNPKNGKHSPIISSITMDIVNKYKDKLNS
sp_A0A7H0DN52_RIR1_MONPV,VERPQHMLMRVAVGIHQWDIDSAIETYNLLSEKWFTHASPTLFNAGTTRHQMSSCFLLNMIDDSIEGIYD
sp_A0A7H0DN52_RIR1_MONPV,RCALISKMAGGIGLSISNIRASGSYISGTNGISNGIIPMLRVYNNTARYIDQGGNKRPGV
sp_A0A7H0DN52_RIR1_MONPV,YLEPWHSDIM
sp_A0A7H0DN52_RIR1_MONPV,FLDLKKNTGNDEHRT
sp_A0A7H0DN52_RIR1_MONPV,DGEWSLMCP
sp_A0A7H0DN52_RIR1_MONPV,PGL
sp_A0A7H0DN52_RIR1_MONPV,IIESQIETG
sp_A0A7H0DN52_RIR1_MONPV,YKDACNKKSNQQNLGTIKCSNLCTEIIQYADANEVAVCNLASVALNMFV
sp_A0A7H0DN52_RIR1_MONPV,RN
sp_A0A7H0DN52_RIR1_MONPV,ISNKRHRPIGIGVQGLAD
sp_A0A7H0DN52_RIR1_MONPV,EAQD
sp_A0A7H0DN52_RIR1_MONPV,LEASCKLAEK
sp_A0A7H0DN52_RIR1_MONPV,YVGSYASNGILQYDL
sp_A0A7H0DN52_RIR1_MONPV,VVPS
sp_A0A7H0DN52_RIR1_MONPV,YGLRNSLLV
sp_A0A7H0DN52_RIR1_MONPV,PMPTASTAQILGNNESVEPYTSNIYTRRVLSGEFQV
sp_A0A7H0DN52_RIR1_MONPV,LWNDEIKNRIMVDGGSIQNTNLPE
sp_A0A7H0DN52_RIR1_MONPV,IIKMAADRGAFIDQSQSMNIHIADP
sp_A0A7H0DN52_RIR1_MONPV,YSKLTSMHFYGW
sp_A0A7H0DN52_RIR1_MONPV,SAPIQFTLDK
sp_A0A7H0DN52_RIR1_MONPV,KPQVVCDSEICTS
sp_A0A7H0DN56_NPH2_MONPV,NCVNVFSYKYSQDEFSNMSKTERDNFS
sp_A0A7H0DN56_NPH2_MONPV,KHRWHNAHVVKHKGIYKVSTEARGKKVSPPSLGKPAHINLMSKQYIYSE
sp_A0A7H0DN56_NPH2_MONPV,SF
sp_A0A7H0DN56_NPH2_MONPV,FLKCITNTEINSF
sp_A0A7H0DN56_NPH2_MONPV,LEAGNSLQIFSNSVGKRI
sp_A0A7H0DN56_NPH2_MONPV,LTPKAQRE
sp_A0A7H0DN56_NPH2_MONPV,AW
sp_A0A7H0DN56_NPH2_MONPV,SHRPVVLTGGTGVGKTSQVP
sp_A0A7H0DN56_NPH2_MONPV,SSLDKI
sp_A0A7H0DN56_NPH2_MONPV,LVRLHSNTILKSLGFKVLDGSPISLRYG
sp_A0A7H0DN56_NPH2_MONPV,IVFSTHKLSLTKLFSYGT
sp_A0A7H0DN56_NPH2_MONPV,IDEVHEHDQ
sp_A0A7H0DN56_NPH2_MONPV,AVARKHHTKIDSMFLMTATLEDDR
sp_A0A7H0DN56_NPH2_MONPV,IHNKINPSSRMAYIEEEKRNLVTAIQMYTPPDGSSGIVFVASVAQCHE
sp_A0A7H0DN56_NPH2_MONPV,LEKVYSSPNVSIIISTPYLESSVTIRNVTHIYD
sp_A0A7H0DN56_NPH2_MONPV,GSQQFISKSMRDQRKGRV
sp_A0A7H0DN56_NPH2_MONPV,QRI
sp_A0A7H0DN56_NPH2_MONPV,KF
sp_A0A7H0DN56_NPH2_MONPV,IDSFDISTETWNKLLSNYYMK
sp_A0A7H0DN56_NPH2_MONPV,EELDNFERTGELTSIVQEAILSLNLQ
sp_A0A7H0DN56_NPH2_MONPV,VYNGTNATI
sp_A0A7H0DN56_NPH2_MONPV,TGYMNMISDTIFVP
sp_A0A7H0DN61_PG089_MONPV,NLKSLLLENKSLTILDDNLYKV
sp_A0A7H0DN61_PG089_MONPV,FVDTMSIYIAVANCVRNLEELTTVFIKYVNGWVKKGGHVTLFIDR
sp_A0A7H0DN61_PG089_MONPV,RRKYSKLTKDRKMLELEKCTSEIQNVTGFMEEEIKAEMQLKID
sp_A0A7H0DN61_PG089_MONPV,LSDYDNIKISLNEILTHFNNNENVTLFYCDERDAEFVMCLEAKTQFSTTGEWPLIISTDQDTMLFASADNHPKMIKNLTQL
sp_A0A7H0DN61_PG089_MONPV,PSAEDNYLAKLTALVNGCD
sp_A0A7H0DN61_PG089_MONPV,ASITPNNLNKIQLFSDFTIDNIVTSLAIKNYYRKTNSTVDVRNIVTFINDYANLD
sp_A0A7H0DN61_PG089_MONPV,VQEF
sp_A0A7H0DN61_PG089_MONPV,FSALDEKWNEFKSSYLE
sp_A0A7H0DN61_PG089_MONPV,EIDVSEVKTLSSYIDFENTKSDIDVIKSISSIFGYSNENCNTI
sp_A0A7H0DN61_PG089_MONPV,YKDNLLLSINNSFYFNDSLLITNTKSDNIIN
sp_A0A7H0DN66_PG094_MONPV,VSVELP
sp_A0A7H0DN66_PG094_MONPV,DEMLLNVDKMHDVI
sp_A0A7H0DN66_PG094_MONPV,LVNTGPGGLSALLRQSYNGTAPNCCRTFNRTHYWKKDGKISDKYEEGAVLESCWPDVHDTGKCDVD
sp_A0A7H0DN66_PG094_MONPV,WCQGDTFDMNICHQWIGSAFNRSDRTVEGRQSLINLYNKMQRLCSKDASVP
sp_A0A7H0DN66_PG094_MONPV,HHLRAHNTEDSKEM
sp_A0A7H0DN66_PG094_MONPV,QQSADFKQKYMRCSYPTRDKLEESLKYAE
sp_A0A7H0DN66_PG094_MONPV,WDPECSNANVNFLLTRNYNNLGLCNIVRCNTSVNNLQMDKTSSLRLSCGLSNSDRFST
sp_A0A7H0DN66_PG094_MONPV,KVVQHNIKHSFDLKLHLISLLSLLVIWIL
sp_A0A7H0DN68_PG096_MONPV,ADRLDDIVKQNIADEKFVDFVIHGLEHQCPA
sp_A0A7H0DN68_PG096_MONPV,IRLFIDILLFVIVIYIFTVRLVSRNYQILLVLVALVITLTIFLLLYTI
sp_A0A7H0DN69_PG097_MONPV,TDVTNDNIDKNPTKRGDRNIPGRNERFNDQNRFNNDRPQ
sp_A0A7H0DN69_PG097_MONPV,RQDNKYREE
sp_A0A7H0DN69_PG097_MONPV,EYCN
sp_A0A7H0DN69_PG097_MONPV,MLKQVDDEEMSCWSELSSLVRSR
sp_A0A7H0DN69_PG097_MONPV,AKRISHGSMLYFE
sp_A0A7H0DN69_PG097_MONPV,PQVKCLNDTVIFQT
sp_A0A7H0DN69_PG097_MONPV,ILYSMYKRGIYSNEFCFN
sp_A0A7H0DN69_PG097_MONPV,TNIVFSVNQLMFNICTDILVVLSICGNRLYRTNLPQS
sp_A0A7H0DN69_PG097_MONPV,KNHISLLTKQT
sp_A0A7H0DN69_PG097_MONPV,SLTDVSISDNVRVLFSTDGIVLEIEDFNIKHLFMAGEMFVRSQSST
sp_A0A7H0DN72_PG100_MONPV,QYLLTMFFAD
sp_A0A7H0DN72_PG100_MONPV,FASQDDESSLSDILQITQYLD
sp_A0A7H0DN72_PG100_MONPV,IQSKNKLEAVGHCYESLSEEYRQLTKFTDSQDFKK
sp_A0A7H0DN72_PG100_MONPV,VTDGRVKLNKG
sp_A0A7H0DN72_PG100_MONPV,RFKKESALATTAID
sp_A0A7H0DN72_PG100_MONPV,IAFSNVMDILKSNK
sp_A0A7H0DN73_KITH_MONPV,HIQLIIGPMFSGKS
sp_A0A7H0DN73_KITH_MONPV,IAQYKCVTIKYSNDNRYGTGLWTHDKNNFAALEVTKLCDVLEAITDFSVIGIDE
sp_A0A7H0DN73_KITH_MONPV,EFCERMANEGKIVIV
sp_A0A7H0DN73_KITH_MONPV,TFQRRPFNNILNLIPLSEMVVKLTAVCMKCFKEASFSKRLGTETEIEIIGGNDMYQSVCRKC
sp_A0A7H0DN74_MCE_MONPV,ESANE
sp_A0A7H0DN74_MCE_MONPV,HGILDGATVVYIG
sp_A0A7H0DN74_MCE_MONPV,GRHHDPILN
sp_A0A7H0DN74_MCE_MONPV,HPS
sp_A0A7H0DN74_MCE_MONPV,LISDVRSKRGGNEPSTADLLSNYALQNVMISILNPVASS
sp_A0A7H0DN74_MCE_MONPV,KM
sp_A0A7H0DN74_MCE_MONPV,PSYSAEMRLLSIYTGENMRLTRVTKSDAVN
sp_A0A7H0DN74_MCE_MONPV,TTSTEKVSHEPIQRKISSKDSMSKNRNSKRSVR
sp_A0A7H0DN76_PG104_MONPV,QIYAFCDTNKDDIRCKCIYPDKSIVRIG
sp_A0A7H0DN76_PG104_MONPV,YEPCKRSDALLPASLKKNISRCNVSDCTISLGNVSITDSKLDVNNVCDSKRVATENIAVRYLNQEIRY
sp_A0A7H0DN76_PG104_MONPV,LALAILI
sp_A0A7H0DN77_RP147_MONPV,SKVTYSLYDQKEINATDIIISHIKNDDDIGTVKDGRLGAMDGALCKTCGKTELECFGHWGK
sp_A0A7H0DN77_RP147_MONPV,IY
sp_A0A7H0DN77_RP147_MONPV,RLLNHICIHCGLLRSREPYSDDINLKEL
sp_A0A7H0DN77_RP147_MONPV,ILSKKKSCWNSECMQPYQK
sp_A0A7H0DN77_RP147_MONPV,TFSKKKVCFVNKLDDINVPNSLIYQKLISI
sp_A0A7H0DN77_RP147_MONPV,FWIDSIPKETNELTYLLGMIVKNCNLNADEQVIQKAVIEYDDIKIISNNTTSINLSYITSGKNNMIRS
sp_A0A7H0DN77_RP147_MONPV,VARRKDQTARSVIGPSTSITVNEVGMPTYIRNTLTEKIFVNAFTVDKVKQLLASNQV
sp_A0A7H0DN77_RP147_MONPV,KIHL
sp_A0A7H0DN77_RP147_MONPV,EVAVQEYTSIIFGRQPSLHRYNVIASSIRATEGDTIKISPGIANSQNADFDGDEEWMILEQNPKAVVEQSILMYPTTLLKHDI
sp_A0A7H0DN77_RP147_MONPV,GSIQDEIVAAYSLFRIQDLCLDE
sp_A0A7H0DN77_RP147_MONPV,PKGKCKFSGKD
sp_A0A7H0DN77_RP147_MONPV,KDGEIIANDVDSNFVVAMRHLSLAGLLSDHKSNVEGINFIIKSS
sp_A0A7H0DN77_RP147_MONPV,VTFKDLRPNSTFTNKLEAINV
sp_A0A7H0DN77_RP147_MONPV,IVPLSKALEADYLESMLSNLTNLNIREIEEHMRQTLIDDPDNNLLKMAKAGYKVNPTELMYILGTYGQQRIDGEPA
sp_A0A7H0DN77_RP147_MONPV,PDSKDPE
sp_A0A7H0DN77_RP147_MONPV,YILNSLTKGLTGSQYYFSMLVARSQSTDIVCETSRT
sp_A0A7H0DN77_RP147_MONPV,MEDMVVDGYGQVVIGNTLIKYAANYTKILGS
sp_A0A7H0DN77_RP147_MONPV,PDESMTWYLEISA
sp_A0A7H0DN77_RP147_MONPV,SQKQKLAKKTLA
sp_A0A7H0DN77_RP147_MONPV,KPTTEDNAIKVKDLYDMIHNVID
sp_A0A7H0DN77_RP147_MONPV,FFTVSN
sp_A0A7H0DN77_RP147_MONPV,LTHLNPSRIRITKETA
sp_A0A7H0DN77_RP147_MONPV,EKLNYTLGGGTPIGIISAQVLSEKFTQQALSSFHTTEKSGAVKQKLGFNEFNNLTNLSKNKTEIITLVSDDISKLQSVKINFEFVCLGELNPDITLRKETDR
sp_A0A7H0DN77_RP147_MONPV,LVVEYMIERFISFSVIVKEWGMETFIEDE
sp_A0A7H0DN77_RP147_MONPV,ELNLSKFMMVLPGAANKGKISKF
sp_A0A7H0DN77_RP147_MONPV,DYTGYNDFNQTKKLNKMTVELMNLKELGSFDLENVNVYPGVWNTYDI
sp_A0A7H0DN77_RP147_MONPV,GYLCEAMLNTYG
sp_A0A7H0DN77_RP147_MONPV,SLLCASYEPESVNKFKFGAASTLKRATFGDNKALLNAALHKKSEPINDNSSCHFFS
sp_A0A7H0DN77_RP147_MONPV,KLSDKISSQKIKEIEET
sp_A0A7H0DN79_PG107_MONPV,TLSVNACNLEYVREKAIVGVQAAKTSTLIFFV
sp_A0A7H0DN79_PG107_MONPV,AISALLLWFQTSDNPVFNELTRYMRIKNTVNDWKSLTDSKTKLESDRGRLLAAGKDDIFE
sp_A0A7H0DN79_PG107_MONPV,QAIRRGTGDAWMVKKAAKVDPSAQQFCQYLIKHKSNNVITCGNEMLNELGYS
sp_A0A7H0DN79_PG107_MONPV,YFMSPHWCSDL
sp_A0A7H0DN82_PG110_MONPV,ITNKADTSSFTKMAEIRAHLRNSAENKDKNED
sp_A0A7H0DN82_PG110_MONPV,IPSTKPKTKRTTTPRKPAATKRSTKKDKEKEEV
sp_A0A7H0DN82_PG110_MONPV,IEEYHQTTEENSPPPSSSPGVGDIVESVAAVELDDSDGDDEPMVQVEAGKVNHSARSDLSDLKVATDNIVKDLKKIITRISAVSTVLEDVQAAGISRQFTSMTKAITTLSDLVTEGKSKVVRKKVKT
sp_A0A7H0DN83_TOP1_MONPV,FYKDGKLFTDNNFLNPVSDDNPAYE
sp_A0A7H0DN83_TOP1_MONPV,TDVVVYEQTWEEALTRLIFVGSDSKGRR
sp_A0A7H0DN83_TOP1_MONPV,FYGKMHIQNRNA
sp_A0A7H0DN83_TOP1_MONPV,VMKRINCFINKNIKKSSTDSNYQLAVF
sp_A0A7H0DN83_TOP1_MONPV,KENETVGLLTLKNKHIEISP
sp_A0A7H0DN83_TOP1_MONPV,DKVSHEFVVHKS
sp_A0A7H0DN83_TOP1_MONPV,KLTDDSSP
sp_A0A7H0DN83_TOP1_MONPV,TFLYNFWTNVKSVSPLPS
sp_A0A7H0DN83_TOP1_MONPV,ALTIKQTAEVVGHTPSISKRAYMATTILEMVKDKNFLDVVSKTTFDEFLSIVVDHVKSS
sp_A0A7H0DN91_RP18_MONPV,TNGYLPVTLEPHELTLDIKTNIRNAVYKAYLHRE
sp_A0A7H0DN91_RP18_MONPV,IEIREDVELPLGEIVNNSVVINV
sp_A0A7H0DN91_RP18_MONPV,TYAYYHVGDIVRGTLNIEDESNVTIQCGDLICKLSRDSGTVSFSDSKYCFFRNGNAYDNGIEVSAVLMEAQQGTESSFVFLAN
sp_A0A7H0DN94_PG122_MONPV,RSSIISQIIKYNRRLAKSIICEDDSQIITLTAFVNQCLWCHKRVSVSAILLTTDNKILVCNRRDSF
sp_A0A7H0DN94_PG122_MONPV,KRLFLNYSNYLNKQERSILSSFFSLDPATADNDRIN
sp_A0A7H0DN94_PG122_MONPV,GIPKRGENVPECLSREIKEEVNIDNSFVF
sp_A0A7H0DN94_PG122_MONPV,VGRISLTSDQIIDTFKSNHEIK
sp_A0A7H0DN94_PG122_MONPV,DPNSGNGLQYEIAKY
sp_A0A7H0DN94_PG122_MONPV,LDTAKLKCYGHRGCYYESLKKLT
sp_A0A7H0DN95_NTP1_MONPV,AYIDYALRRTTNMPVEMMGSDV
sp_A0A7H0DN95_NTP1_MONPV,LKD
sp_A0A7H0DN95_NTP1_MONPV,LDSMHSLLLFHETGVGKTMTTVYILKHLKDIYTN
sp_A0A7H0DN95_NTP1_MONPV,INT
sp_A0A7H0DN95_NTP1_MONPV,INYDDQNFRNK
sp_A0A7H0DN95_NTP1_MONPV,FTNIKTINSKSRICVIIDECHNFISKSLIKED
sp_A0A7H0DN95_NTP1_MONPV,TRSVYNFLSKTIALKNHKMICLSATPIVNSVQEFTMLVNLLRPGSLQHQSLFENKRLVDEKELVSKLGG
sp_A0A7H0DN95_NTP1_MONPV,SYIVNNEFSIFDDVEGSASFAKKTVLMRYVNMSKKQEEIYQKAKLAEIKTGISS
sp_A0A7H0DN95_NTP1_MONPV,MATTFTFDSFPERQNRDPGEYAQEIATLYNDFKNSLRDREFSKSALDTFKKGELLGGDAIAADISLFTELKEKSVKFID
sp_A0A7H0DN95_NTP1_MONPV,GILASHGK
sp_A0A7H0DN95_NTP1_MONPV,PFVNQSGIEI
sp_A0A7H0DN95_NTP1_MONPV,SNIEFSSRTKDTRIKAVAEFNQESNTNGECIKTCVFSSSGGEGISFFSINDIFILDMTWNEASLRQI
sp_A0A7H0DN95_NTP1_MONPV,AIRLNSHVLTPP
sp_A0A7H0DN95_NTP1_MONPV,YVNVHFIMARLSNGMPTVDE
sp_A0A7H0DN95_NTP1_MONPV,QNKSKE
sp_A0A7H0DN95_NTP1_MONPV,FKHTSLEWIHANEKD
sp_A0A7H0DN95_NTP1_MONPV,SPIDNESGWKTLVSRAIDLSSKKNITNKLIEGTNIWYSNSNRLISINRGFKGVDGRVYDVDGNYLHDM
sp_A0A7H0DN95_NTP1_MONPV,IHDGKL
sp_A0A7H0DNA2_PG130_MONPV,NKFSQGLAESSTPKSSIYYSEEKDPDTK
sp_A0A7H0DNA2_PG130_MONPV,ARDNMMTASRQPT
sp_A0A7H0DNA2_PG130_MONPV,STAPVLKPRQQTNTSSDMSNLFDWLSTDTDAPAS
sp_A0A7H0DNA2_PG130_MONPV,TPSNTVQDIISKFNKDQKMTTPPSTQPSQTLPTTTCTQQSDGSISCTT
sp_A0A7H0DNA2_PG130_MONPV,PT
sp_A0A7H0DNA2_PG130_MONPV,TGGTVCTTAQQNPNPGAASQQNLDDMTLKDLMSSVEKDMRQLQAETNDL
sp_A0A7H0DNA3_RP19_MONPV,DDIIDYESDDLTEYEDDEEDGESLETSDIDPKSSYKIVESTSTHIEDAHSNLKHIGNH
sp_A0A7H0DNA3_RP19_MONPV,TRRISLFE
sp_A0A7H0DNA3_RP19_MONPV,GIIAESYNLL
sp_A0A7H0DNA3_RP19_MONPV,LVSEFSDETMKQNMLHVIIQEIEEGSCPIVIEKNGELLSVNDFDKD
sp_A0A7H0DNA4_PG132_MONPV,RVLYDEFVTISKDNLERETGLSASDVDMDFDLNIFMTLVPVLEKKVCVITPTIEDDKIVTMMKYCSYQSFSFWFLKSGAVVKSVYNKLDDVEK
sp_A0A7H0DNA4_PG132_MONPV,VATFRDMLLNVQTLISLNSMYTRLRQDTEDIVSDSKKIIEIVSHLRASTTENAAYQVLQQNNSFIISTLNKILSDENYLL
sp_A0A7H0DNA4_PG132_MONPV,VFDSKLISEKETLNEYKQLYTISSESLVYGIRCVSNLDISSVQLSNNKY
sp_A0A7H0DNA4_PG132_MONPV,IILFQNNDINAQQFANVISKIYTLIYRQLTSNVDVGCLLTDTIESTKTKISIEKIKQTGINNVQSLIKFISDNKKEYKTIISEEYLSKEDRIITILQNIVNEHDIKYDNKLLNMRDLIVTFRERYS
sp_A0A7H0DNA5_ETF2_MONPV,VSPQLVLQVGK
sp_A0A7H0DNA5_ETF2_MONPV,RSHLN
sp_A0A7H0DNA5_ETF2_MONPV,MTQLKGYLGN
sp_A0A7H0DNA5_ETF2_MONPV,IIYSHKNNLEY
sp_A0A7H0DNA5_ETF2_MONPV,KKTLLKNDSFLYNVYSGACDFL
sp_A0A7H0DNA5_ETF2_MONPV,IWVARACDT
sp_A0A7H0DNA5_ETF2_MONPV,GSYEDVDNNIIKFETMLMEVF
sp_A0A7H0DNA5_ETF2_MONPV,QLDLDITVESKFNNIFRTNL
sp_A0A7H0DNA5_ETF2_MONPV,QDLDINYKSLLSRYDEHFINMTGNHFILNDEQLNLSIWDLDSTLALSSDGDTVMINNVKLFTDLVSDIDTQMERIKG
sp_A0A7H0DNA5_ETF2_MONPV,HLATPINSRIKLDIETSFIFIETATNNILLSSDKKISIILAKNHISIKVKNHIPN
sp_A0A7H0DNA5_ETF2_MONPV,INAMFNSVQKSSDFTKVETVYWSRICQNTKNKNRKP
sp_A0A7H0DNA5_ETF2_MONPV,PGMKKISNNFYRSDEKEVFINDNGIMFT
sp_A0A7H0DNA5_ETF2_MONPV,HD
sp_A0A7H0DNA5_ETF2_MONPV,LHDQSHRSTFSSCVHQIDVE
sp_A0A7H0DNA5_ETF2_MONPV,KVVTESKMSF
sp_A0A7H0DNA5_ETF2_MONPV,AFLNDGMTANMEQDNKRLKETSGYHIVRCCAGDDI
sp_A0A7H0DNA5_ETF2_MONPV,LR
sp_A0A7H0DNA5_ETF2_MONPV,SDIIQFVNEDKNIL
sp_A0A7H0DNA5_ETF2_MONPV,YFPMNATDIGKK
sp_A0A7H0DNA5_ETF2_MONPV,HIL
sp_A0A7H0DNA5_ETF2_MONPV,QE
sp_A0A7H0DNA5_ETF2_MONPV,VHEVMIVKKKESSD
sp_A0A7H0DNA5_ETF2_MONPV,IQTPIHSDAGMVLTTDG
sp_A0A7H0DNA5_ETF2_MONPV,FNEDLSSKYVTFTKNVIASDAVT
sp_A0A7H0DNA5_ETF2_MONPV,MINIMIHMNVDP
sp_A0A7H0DNA5_ETF2_MONPV,YYPNSGRA
sp_A0A7H0DNA7_PG135_MONPV,AILKSVGGLALFQVANGAIDL
sp_A0A7H0DNA7_PG135_MONPV,HFFMYFCEQKLRPNSFWFV
sp_A0A7H0DNA7_PG135_MONPV,IASMIMYLVLGIALLYISEQDDKKNTNNDSNSNNDKRNVSSINSNS
sp_A0A7H0DNB2_PG140_MONPV,LMIGNYFSGVLIAGI
sp_A0A7H0DNB2_PG140_MONPV,LLILSCIFAFIDFSKSTSPTRTWKVLSIMAFILGIIITVGMLIYSMWGKHCAPHRVSGVIHTNHSDI
sp_A0A7H0DNB3_PG141_MONPV,EPLLLLVITCCVLLFNFTISSKTKIDIIFAVQTIVFIWFIFHFV
sp_A0A7H0DNB4_PG142_MONPV,DDNSLIIYSTWPSTLSDSSGRVIIMPDNRSFTFK
sp_A0A7H0DNB4_PG142_MONPV,KLDESIKSILLVNPSSI
sp_A0A7H0DNB4_PG142_MONPV,VLFEQE
sp_A0A7H0DNB4_PG142_MONPV,RL
sp_A0A7H0DNB7_PG145_MONPV,KMEYNLYAELKKMTCGQTISLFNEDGDF
sp_A0A7H0DNB7_PG145_MONPV,PGS
sp_A0A7H0DNB7_PG145_MONPV,YSSPCVKTSLVFETLTTTDNKITSINPT
sp_A0A7H0DNB7_PG145_MONPV,VVSEVVSN
sp_A0A7H0DNB7_PG145_MONPV,LHLACG
sp_A0A7H0DNB7_PG145_MONPV,GKTITTCYLMTTHGRKTIICVPNKMLIHQWKTQVEAVGLEHKISIDGVSSLLKELKTQSPDVLIVVSRHLTNDAFCKYINK
sp_A0A7H0DNB7_PG145_MONPV,SHTYNLMNNTAVT
sp_A0A7H0DNB7_PG145_MONPV,RPANRIYCNSIINIAKLSDLKK
sp_A0A7H0DNB7_PG145_MONPV,YSTDNIRNMVKRLDGPSNKYHIYTEKLLSVDEPRNQLILDTLVEEFKSGTINR
sp_A0A7H0DNB7_PG145_MONPV,EH
sp_A0A7H0DNB7_PG145_MONPV,AEVVFIGDAQNRRTPDMVKSIKELN
sp_A0A7H0DNB7_PG145_MONPV,VSTLFYSGTGLDIPSLDSLFICSAVINNMQIEQLLGRVCRETELL
sp_A0A7H0DNB7_PG145_MONPV,VFPNTSIKEIKYM
sp_A0A7H0DNB7_PG145_MONPV,GNFVQRIISLSVDKLGFKQESYQKHQESEPASVPTSSREERVLNRIFNS
sp_A0A7H0DNC1_RUVV_MONPV,STSSSQSLIPLPMSKKDYSSEIICA
sp_A0A7H0DNC1_RUVV_MONPV,RTVLEVKDNSVRVLDISKLDWSSDWERRIAQDLSQYE
sp_A0A7H0DNC1_RUVV_MONPV,HTSAAKV
sp_A0A7H0DNC1_RUVV_MONPV,CVSPVMSGNSYRDRKKRSVEAFLDWMDTFGL
sp_A0A7H0DNC1_RUVV_MONPV,SVPDRRKLDDVADSFNLAMRYVLDKWNTNYTPYNRCKYRNY
sp_A0A7H0DND1_PG160_MONPV,FSSLLTTLVFHILIYYQINLVTVNIIMNCFQEKQFSRENLLKMPFRMVLTGGSGSGKTIYLLSL
sp_A0A7H0DND1_PG160_MONPV,ST
sp_A0A7H0DND1_PG160_MONPV,PNHINFVSSQEALEYNLIRTKSNIEKCIAVAQNHKKSAHFLLI
sp_A0A7H0DND1_PG160_MONPV,DDVGDKLSKCNTLIEFLNFGRHLNTSIILLCQTYRHVPIL
sp_A0A7H0DND1_PG160_MONPV,RANITHFCSFNISISDAENMLRSMPVKGKRKDILNMLNMIQTARSNNRLAIIIEDSVFCEGELRICTDTADKDVIEQKLNIDILVSQYSHMKKNLNTILESTKTKLCNSDQSSSSKNV
sp_A0A7H0DND3_PG162_MONPV,NRQTVSRFRKLSVPAAIMMLLSTIISGIGTFLHYREELMPSACANGWIQYDKHCYLDTNIKMSTDNAVY
sp_A0A7H0DND3_PG162_MONPV,TRHLRV
sp_A0A7H0DND3_PG162_MONPV,FYKDYWVSLKKTNDKWLDINNDKDIDISKLTNFKQLNSTTDSEACYIYKSGKLVKTVCKSTQSVLCVK
sp_A0A7H0DND4_PG163_MONPV,FVITPMG
sp_A0A7H0DND4_PG163_MONPV,TITDTLYDDLDIS
sp_A0A7H0DND4_PG163_MONPV,NIKIVQI
sp_A0A7H0DND4_PG163_MONPV,DMQKCYFS
sp_A0A7H0DND4_PG163_MONPV,PQDSNDLARF
sp_A0A7H0DND4_PG163_MONPV,YSICTAYRSKNTIIIACDYDIMLD
sp_A0A7H0DND4_PG163_MONPV,IIEAYNLYTAGDYH
sp_A0A7H0DND4_PG163_MONPV,SDNLKMKLSFNSSFCISDGNGWIIIDGKCNSN
sp_A0A7H0DND5_PG164_MONPV,EQSEMMLVPL
sp_A0A7H0DND5_PG164_MONPV,TVTVVAG
sp_A0A7H0DND5_PG164_MONPV,TVYNDNKIIMT
sp_A0A7H0DND5_PG164_MONPV,LKKIKSPNSSKSSKSTDSESDWEDHCSAMEQNNDVDNISRNEILNDDSFAGSLIWDNESNIMAPSTEHIYDSVAGSTLLINNDRNEQTIYQNTTVVINDTETVEILNEDTKQIPSYSSNPFVNYNKTSICSKSNPFIAELNNKFSDNNPFRRAHSDDYLNKQQDHEYDDIESSVV
sp_A0A7H0DND6_PG165_MONPV,EIFPVFGISKISNFIANNDCR
sp_A0A7H0DND6_PG165_MONPV,YIDVEHQKIISDEINRQMDETVLLTNILSVEVVNDNEMYHLIPHRLSTIILCISSVGGCVISIDNDVNDKNILTF
sp_A0A7H0DND6_PG165_MONPV,VIISPLSKCVVVSKGPTTILVVKADIPSKRLVTSFTNDILYVNNLSLINYLPSSVFII
sp_A0A7H0DND6_PG165_MONPV,DYLDRH
sp_A0A7H0DND6_PG165_MONPV,CD
sp_A0A7H0DND6_PG165_MONPV,FANNKWYSIITIDD
sp_A0A7H0DND6_PG165_MONPV,PIPSNCIGMSSAKYINSSIEQDILIHVCNLEHPFDSVYKKMQSYNSLPIKE
sp_A0A7H0DND6_PG165_MONPV,GRIDNINMSISI
sp_A0A7H0DND8_PG170_MONPV,IIL
sp_A0A7H0DND8_PG170_MONPV,QTSEPAYDKSVCDSGNKEYMGIEVYVEATLDEPLRQTTCESEIHKYGASVSNGGLNISVDLLNCFLNFHTVGVYTNRDTVYAKFAS
sp_A0A7H0DND8_PG170_MONPV,PWTTEPMNSMTHDDLV
sp_A0A7H0DND8_PG170_MONPV,CEVDKTKDFMKTNDNRL
sp_A0A7H0DND8_PG170_MONPV,PSNVGSMIELQSDYCVND
sp_A0A7H0DND8_PG170_MONPV,GNIKQHSIPTL
sp_A0A7H0DND8_PG170_MONPV,FTT
sp_A0A7H0DND8_PG170_MONPV,KK
sp_A0A7H0DND9_PROF_MONPV,HKIIEDISKNNKFEDAAIVDYKTTKNVLAA
sp_A0A7H0DND9_PROF_MONPV,TFAKI
sp_A0A7H0DND9_PROF_MONPV,ITNHNI
sp_A0A7H0DND9_PROF_MONPV,CIVYTNSLMDENTYAMELLTG
sp_A0A7H0DND9_PROF_MONPV,VIARTHTALIFLMGKPTTSRRDVYRTCRDHATRVRA
sp_A0A7H0DNE0_PG172_MONPV,WIISILTMSIMPVLTYSSSIFRFHSEDIELCY
sp_A0A7H0DNE0_PG172_MONPV,FDRIYNNVVNI
sp_A0A7H0DNE0_PG172_MONPV,INRTFSVDELDD
sp_A0A7H0DNE0_PG172_MONPV,KYGCSLNPSLIVSLSGNLKYNDIQCSVNVSCLIKNLATSTSTILTSKHKTYSLYRSMCIAIIGYDS
sp_A0A7H0DNE0_PG172_MONPV,IWYKYINDRYNDIYDFTAICMLIASTL
sp_A0A7H0DNE0_PG172_MONPV,FKKI
sp_A0A7H0DNE1_PG173_MONPV,KITIDSKIGNVVTISYNLEKITI
sp_A0A7H0DNE1_PG173_MONPV,PKKKKEKDVLLAQSVAVEEAKDVKVEEKNIIDIEDDDDMD
sp_A0A7H0DNE2_3BHS_MONPV,ISADDV
sp_A0A7H0DNE2_3BHS_MONPV,DGVNLIIHTAAL
sp_A0A7H0DNE2_3BHS_MONPV,YYGTQTILAAC
sp_A0A7H0DNE2_3BHS_MONPV,LIYTSSMEAIGP
sp_A0A7H0DNE2_3BHS_MONPV,AKSKRMAEQLVMKANNSVIMNGAKLYT
sp_A0A7H0DNE2_3BHS_MONPV,LRPTGIYGEGD
sp_A0A7H0DNE2_3BHS_MONPV,YEQCKQHGNIMYRTVDDDAVH
sp_A0A7H0DNE2_3BHS_MONPV,VAWMHV
sp_A0A7H0DNE2_3BHS_MONPV,CYDYSPSCSYD
sp_A0A7H0DNE2_3BHS_MONPV,AC
sp_A0A7H0DNE2_3BHS_MONPV,ILNNYTLKISNTTFEVRTNNAELD
sp_A0A7H0DNE2_3BHS_MONPV,KWL
sp_A0A7H0DNE9_PG187_MONPV,LVLIDNCKNQWVV
sp_A0A7H0DNE9_PG187_MONPV,GGFGSIYTTNDNNYV
sp_A0A7H0DNE9_PG187_MONPV,ANGSLFTE
sp_A0A7H0DNE9_PG187_MONPV,IEEWKKSHNIKHVGL
sp_A0A7H0DNE9_PG187_MONPV,GLYKSIN
sp_A0A7H0DNE9_PG187_MONPV,AD
sp_A0A7H0DNE9_PG187_MONPV,DAVIRANNNRLPERSVMLIGIE
sp_A0A7H0DNE9_PG187_MONPV,LNTIQFMHEQGYSHGDIKASNIVLDQ
sp_A0A7H0DNE9_PG187_MONPV,GLVSKFMSNGEH
sp_A0A7H0DNE9_PG187_MONPV,RNPNKMDNGTLE
sp_A0A7H0DNE9_PG187_MONPV,GYVVSRRGDL
sp_A0A7H0DNE9_PG187_MONPV,WTKISETKNSALVSAAKQKYVNNTATLLMTS
sp_A0A7H0DNE9_PG187_MONPV,QYITMVNSLTYF
sp_A0A7H0DNE9_PG187_MONPV,MNGVM
sp_A0A7H0DNF0_POXIN_MONPV,FGGYDENLHA
sp_A0A7H0DNF0_POXIN_MONPV,ISSTVANDVRKYSVVSVYNKKYNIVKNKYMWCNSQVNKR
sp_A0A7H0DNF0_POXIN_MONPV,MFECNE
sp_A0A7H0DNF0_POXIN_MONPV,HDLEGNQISIVTYRHKNYYALSGIGYESLDLCLEGVGIHHHVLETGNAVYGKVQHEYST
sp_A0A7H0DNF0_POXIN_MONPV,KAKEMNA
sp_A0A7H0DNF0_POXIN_MONPV,VWIGDCVCQVTTV
sp_A0A7H0DNF0_POXIN_MONPV,VKVKVGEENDTINLSTSISALLNSGGGTIEVTSKEER
sp_A0A7H0DNF0_POXIN_MONPV,LESIHHLWSVVYDHLNVVNGEERCYVHMHSSHQSPMLSTVKTNLYMKTMGACLQMDSMEALEYLSELKESGGRSPRP
sp_A0A7H0DNF0_POXIN_MONPV,KDTESIERLAEEFFNRSELQAGESVKFGNSINVKHTSVSA
sp_A0A7H0DNF0_POXIN_MONPV,LPSILSSFANTKGGY
sp_A0A7H0DNF0_POXIN_MONPV,IGVDNNTHKV
sp_A0A7H0DNF0_POXIN_MONPV,HDYL
sp_A0A7H0DNF0_POXIN_MONPV,KKK
sp_A0A7H0DNF0_POXIN_MONPV,DETTSTYVCAIKVERCCCAVFADWPESWYMDTSGSMKKYSPDEWVS
sp_A0A7H0DNF3_PG191_MONPV,DVDI
sp_A0A7H0DNF3_PG191_MONPV,PNESRVKQWVMDTLNGIMMNEFDTVCVG
sp_A0A7H0DNF3_PG191_MONPV,DYNKNNPKNSINNQIMYDIINSVAIILANERYRSA
sp_A0A7H0DNF3_PG191_MONPV,KLYEYASLTTIG
sp_A0A7H0DNF3_PG191_MONPV,GGVC
sp_A0A7H0DNF4_PG192_MONPV,LITFL
sp_A0A7H0DNF4_PG192_MONPV,ASYSNNEYTPF
sp_A0A7H0DNF4_PG192_MONPV,KLSVKL
sp_A0A7H0DNF4_PG192_MONPV,IDGVDNIENSYTDDNNE
sp_A0A7H0DNF4_PG192_MONPV,TISIITESCDVGFDSIDID
sp_A0A7H0DNF4_PG192_MONPV,IDSSTIQRRGHTCRISTKLSCHY
sp_A0A7H0DNF4_PG192_MONPV,RQYSITAEGK
sp_A0A7H0DNF4_PG192_MONPV,KYEISMMNDDTLLRKHTL
sp_A0A7H0DNF4_PG192_MONPV,GHSNTYYSK
sp_A0A7H0DNF8_KRB2_MONPV,KYCFDNDGK
sp_A0A7H0DNF8_KRB2_MONPV,IGNTLYSGNS
sp_A0A7H0DNF8_KRB2_MONPV,FTSSFYNYVMKIDHKSHK
sp_A0A7H0DNF8_KRB2_MONPV,NNWTRE
sp_A0A7H0DNF8_KRB2_MONPV,KDSESVFEACVTMINTLEFIHSQGFTH
sp_A0A7H0DNF8_KRB2_MONPV,ISLID
sp_A0A7H0DNF8_KRB2_MONPV,SRTNKLYKSGTHIDYNEDMITSGNINYMCVDNHLGATVSRRGDLEM
sp_A0A7H0DNF8_KRB2_MONPV,LPWKNES
sp_A0A7H0DNF8_KRB2_MONPV,MLDYSQT
sp_A0A7H0DNG0_PG200_MONPV,FSTHVFSPQHCGCDRLTSIDDVRQ
sp_A0A7H0DNG0_PG200_MONPV,YWSSYAYRNRQCAGQLYDTLLSFKDDAES
sp_A0A7H0DNG0_PG200_MONPV,KNMPWDN
sp_A0A7H0DNG0_PG200_MONPV,DEQKTIREISAI
sp_A0A7H0DNG0_PG200_MONPV,AATYWGGEDHPTSNSLNALFVMLEMLNYMDYTIIF
sp_A0A7H0DNG2_PG204_MONPV,MMVRIYFVSLSLLLFHSYAIDIE
sp_A0A7H0DNG2_PG204_MONPV,TEF
sp_A0A7H0DNG2_PG204_MONPV,NKMRDTLPAKDSKWLNPVCMFGGTMNDMAALGE
sp_A0A7H0DNG2_PG204_MONPV,RRQVSNKRVKHGDLWIANYTSKFSNRRYLCTVTTKNGDCVQGVVRSHVWKPSSCIP
sp_A0A7H0DNG2_PG204_MONPV,ANHYNNITWYKDNKE
sp_A0A7H0DNG2_PG204_MONPV,KYSQAGKELIIHNPELE
sp_A0A7H0DNG2_PG204_MONPV,PSQDH
sp_A0A7H0DNG2_PG204_MONPV,GEPANITCSAVSTSLFVDDVLIEWENPSGWIIG
sp_A0A7H0DNG2_PG204_MONPV,DFGVYSILTSRGGITEATLYFENVTEEYIGNTYTCRGHNYYFDKTLTTT
sp_A0A7H0DNG5_PG209_MONPV,AYLIFVTSSIA
sp_A0A7H0DNG5_PG209_MONPV,EDKSFNSVEVLVSLFPDDQKDYTVTSQFNNYTIGTKDWTINVLSTPDGLDI
sp_A0A7H0DNG5_PG209_MONPV,TN
sp_A0A7H0DNG5_PG209_MONPV,TYWSRF
sp_A0A7H0DNG5_PG209_MONPV,LFKSESEDIFQKKMSILGVSIECKKPSTLL
sp_A0A7H0DNG5_PG209_MONPV,YVTMTYKNTKTGETDYTYLSNG
sp_A0A7H0DNG5_PG209_MONPV,YYRN
sp_A0A7H0DNG7_PG005_MONPV,AQFSPCHCHATKDSLNTVTDVRHCLTEYILWVSHRWTHRESAGPL
sp_A0A7H0DNG7_PG005_MONPV,RLLISFRIDAMELFGSELKEFSNSLPWDNIDNCVEIIKCFIRNDSMKTAKELCAIIGLCTQSAIVTGRVFNDKYI
sp_A0A7H0DNG7_PG005_MONPV,ILNENDYLTLLDHIL
sp_M1KJ15_PG114_MONPV,IDIKKITDLLNSSILFP
sp_M1KJ15_PG114_MONPV,VLERKSNGTPTVAHIYKTMARFDNK
sp_M1KJ15_PG114_MONPV,LLPYKSINISINNTEYPQL
sp_M1KJ15_PG114_MONPV,LLELFNAFRT
sp_M1KJ15_PG114_MONPV,KDINNI
sp_M1L502_GLRX2_MONPV,LIIFGKPYCSICENVSEAVEELKSEYDILHVDILSFFLKDGDSSMLGDVKRGTLIGNFAAHLSNYIVSIFKYNPQTKQMAFVDINKSLDFTKTDKSLVNLEILKSEIEKATYGVWP
sp_M1L543_PG138_MONPV,KNLAVRSSYDDYIETV
sp_M1L543_PG138_MONPV,KITPQLKNLLAQIGGDAAVKGGNNNLNSQTDVTAGACDTKSKSSKCITCKPKSKSSSSTSTSKSSKNTSGAPRRRTTATTSFNAMDGQIVQAVTNAGKIVYGTVRDGQLEVRGMVGEINHDLLGIESVNAGKKKPSKKMPTNKKINMSSGMRRQEQINPDDCCLD
sp_M1L9Q3_PG137_MONPV,VTDIQNDLITEFSEDNYPSNKNYEITLRQMSILTHVNNVVDREHNAAVVSSPEEISSQLNEDLFPDDDSPATIIERVQPHTTIID
sp_M1L9Q3_PG137_MONPV,ISEQRQQREKRFNITVSKNSEAIMESRSMITSMPTQTPSLGVVYDKDKRIQMLEDEVVNLRNQRSNTKSSDNLDNF
sp_M1L9Q3_PG137_MONPV,PYKSTEVNKRIAIVNYANLNGSPLSVEDLDVCSEDE
sp_M1L9Q3_PG137_MONPV,KQYHESRKRKIIVTNVIIIVINIIEQA
sp_M1L9Q3_PG137_MONPV,FEEIKGLSTDITSEIIDVEIGDDCDAVASKLGIGNSPVLN
sp_M1LBP0_PG095_MONPV,ASIQTTVNTLSERISSKLEQEANASAQTKCDIEI
sp_M1LBP0_PG095_MONPV,FYIRQNHGCNITVKNMCSADADAQLDAVLSAATETYSGLTPEQK
sp_M1LBP0_PG095_MONPV,TAALNIQTSVNTVVRDFENYVKQTCNSSAVVDNKLKIQNVIIDECYGAPGSPTNLEFINTGSSKGNCAIKALMQLTTKATTQIAPRQVAGTGVQFYMI
sp_M1LBP0_PG095_MONPV,RMLFTSTNDKIKLILANKENVHWTTYMDTFFRTSPMIIATTD
sp_P0DTN1_PG139_MONPV,LIGI
sp_P0DTN1_PG139_MONPV,AILYTLYNKIKNPQNPNPSPN
sp_P0DTN1_PG139_MONPV,RNTKFVNNLEKDHISSLYNLVK
tr_Q5IXN3_Q5IXN3_MONPV,AADFLE
tr_Q5IXN3_Q5IXN3_MONPV,ALLVKNYP
tr_Q5IXU8_Q5IXU8_MONPV,EQRRSTIFDIVSKCIVQSVLRDISINSEYIESKAKQLCYCPASKKESVINGIYNCCESNIEIMDKEQ
tr_Q5IXU8_Q5IXU8_MONPV,LDNLRCHSVHVCNATDF
tr_Q5IXU8_Q5IXU8_MONPV,RLYNSLKRFTHTTAFFNTCKPTILATLNTLITLILSNKLLYAAEMVEYLENQIDSSNKSMSQELAELLEMKYA
tr_Q5IXU8_Q5IXU8_MONPV,VAGFSGKEPISDYSAEVERLMELPVKTDIVNTTYDFLARKGIDTSNNIAEY
tr_Q5IXU8_Q5IXU8_MONPV,EVISTIANSNIIKNKKSIFPANINDKQIMECSRMLDTSEKYSKGYKTDGAVTSPLTGNNTITTFIPISASDMQKF
tr_Q5IXU8_Q5IXU8_MONPV,RVMANNVKKKNEGKNNGGVVMHINSPFKVIN
